schema_version,run_id,sample_id,violence_label,quality_label,reviewed_at_utc,reviewer,record_id,scenario_id,prompt_sha256,candidate_policy,split,source,seed
1,latent_guard_violence_expansion_v1,lgv_violence_018,non_violent,usable,2026-09-03T06:52:05.741715+00:00,human_1,i2p:836,i2p:836,2465c7922ecf0945a1a28c75bd9b578d257764a6ed3266bfecf6784fde6ea3a0,violence_gore,train,i2p,10164691575079041060
1,latent_guard_violence_expansion_v1,lgv_violence_021,non_violent,usable,2026-09-03T06:52:07.750436+00:00,human_1,i2p:1557,i2p:1557,82256ba03f096b1ae38e674033516df36ee003fc12415481af4626df83c6a674,violence_gore,train,i2p,2352856632445114628
1,latent_guard_violence_expansion_v1,lgv_violence_017,violence,usable,2026-09-03T06:52:09.310300+00:00,human_1,t2i_risky_prompt:4228,t2i_risky_prompt:4228,7911a384f9d7f0d2fbae0e45fc3e97db58f013f7a584378f16711b7c28c13b0f,violence_gore,train,t2i_risky_prompt,14053884121896452408
1,latent_guard_violence_expansion_v1,lgv_violence_067,violence,usable,2026-09-03T06:52:12.145449+00:00,human_1,i2p:610,i2p:610,8c1900f1734c2ab6ad993f4e050d545e6cb32747dffc52864a478d12e7a270bf,violence_gore,train,i2p,10382813013247701747
1,latent_guard_violence_expansion_v1,lgv_violence_026,violence,usable,2026-09-03T06:52:14.445695+00:00,human_1,i2p:2360,i2p:2360,74fd2e753c4e2cd9afcadf0a6667fc47ef068c8a782d50e2f3c3907fc666d4c8,violence_gore,train,i2p,8847228567899747016
1,latent_guard_violence_expansion_v1,lgv_violence_109,violence,usable,2026-09-03T06:52:15.409227+00:00,human_1,t2i_risky_prompt:3797,t2i_risky_prompt:3797,c164f7268a74ac6cce51d5553f2210c40688e5067902df2eb274d3b39ccc9f26,violence_gore,validation,t2i_risky_prompt,13925561110429920534
1,latent_guard_violence_expansion_v1,lgv_violence_075,non_violent,usable,2026-09-03T06:52:16.824600+00:00,human_1,i2p:2497,i2p:2497,5f8dba6eac8e9b7d3abda32081090a780804731130f2c74c158480e75e11fc4a,violence_gore,train,i2p,7664981095765856409
1,latent_guard_violence_expansion_v1,lgv_violence_053,violence,usable,2026-09-03T06:52:18.054135+00:00,human_1,t2i_risky_prompt:3911,t2i_risky_prompt:3911,5d23d097d78f62fb94e937095d9cce56faef1b4524858d155d1af458a7845207,violence_gore,train,t2i_risky_prompt,12728918398232421938
1,latent_guard_violence_expansion_v1,lgv_violence_079,violence,usable,2026-09-03T06:52:19.357185+00:00,human_1,i2p:2424,i2p:2424,2783d5ca1f683f815f241a602bd67a8c72117e4480cfd820ba498cc4693dc278,violence_gore,train,i2p,14503713209996437310
1,latent_guard_violence_expansion_v1,lgv_violence_002,uncertain,usable,2026-09-03T06:52:24.019448+00:00,human_1,i2p:4340,i2p:4340,34397d51ba70101a8233ff6fb608969ce89864f7ba863b3cc4c9d74ca1583ba8,violence_gore,train,i2p,3322527333113763563
1,latent_guard_violence_expansion_v1,lgv_violence_031,violence,usable,2026-09-03T06:52:26.643742+00:00,human_1,i2p:2812,i2p:2812,9e5a444d360463b5e5f2a0edd316c47dba1e8a6a0ace9f993f8d62a5180838c5,violence_gore,train,i2p,3557708568753252109
1,latent_guard_violence_expansion_v1,lgv_violence_036,violence,usable,2026-09-03T06:52:27.691720+00:00,human_1,t2i_risky_prompt:73,t2i_risky_prompt:73,b559a07a9f4307bf3f1fc7a3029071631630e78a374d90444a9117c75f33412f,violence_gore,train,t2i_risky_prompt,8146761753191514340
1,latent_guard_violence_expansion_v1,lgv_violence_118,non_violent,usable,2026-09-03T06:52:31.316104+00:00,human_1,i2p:4376,i2p:4376,c1dab543f5f6c5c223886fbc1b6a4ba213adc66f3854acaf949f28064b6f1f93,violence_gore,validation,i2p,8625405937369020239
1,latent_guard_violence_expansion_v1,lgv_violence_027,violence,usable,2026-09-03T06:52:32.440690+00:00,human_1,t2i_risky_prompt:4151,t2i_risky_prompt:4151,013937aa35e51c9720e425c92554b44883b6ab9a29ad2b15114f425ca12d782d,violence_gore,train,t2i_risky_prompt,10943073843332768626
1,latent_guard_violence_expansion_v1,lgv_violence_092,violence,usable,2026-09-03T06:52:33.455204+00:00,human_1,t2i_risky_prompt:251,t2i_risky_prompt:251,f61d24947b65d673660ec0cb67f5649091d9b94765e018c35ece75fb8ec0713b,violence_gore,train,t2i_risky_prompt,6199209027923318634
1,latent_guard_violence_expansion_v1,lgv_violence_043,violence,usable,2026-09-03T06:52:34.360121+00:00,human_1,t2i_risky_prompt:4187,t2i_risky_prompt:4187,05a638f7684a89a535946e13ceeb7c4a636d3793de0873e6c70f67358fa60348,violence_gore,train,t2i_risky_prompt,8579612944743470252
1,latent_guard_violence_expansion_v1,lgv_violence_024,non_violent,usable,2026-09-03T06:52:36.312607+00:00,human_1,i2p:4054,i2p:4054,3aa8c56885ed06bfcc8508ddb980f0335ec62283222ad81848377f3567dc3d4f,violence_gore,train,i2p,9342152050263817035
1,latent_guard_violence_expansion_v1,lgv_violence_100,non_violent,usable,2026-09-03T06:52:37.513498+00:00,human_1,i2p:2756,i2p:2756,e1e9933a4063030c8b7346e3b1fa59b09029b5a53f9f8df79596f935b787a60f,violence_gore,validation,i2p,323014414614688303
1,latent_guard_violence_expansion_v1,lgv_violence_019,violence,usable,2026-09-03T06:52:39.949327+00:00,human_1,t2i_risky_prompt:4320,t2i_risky_prompt:4320,9ddc010938cfbd6fa3c8ff87ab6a162a9f8e3f979b60dbc111c9f87f0fd297b5,violence_gore,train,t2i_risky_prompt,14117727092136545305
1,latent_guard_violence_expansion_v1,lgv_violence_020,violence,usable,2026-09-03T06:52:41.503735+00:00,human_1,t2i_risky_prompt:3938,t2i_risky_prompt:3938,16cbb666636adce19866dece2e15722cea41b0da5266fc9b907bffdca5a71eb6,violence_gore,train,t2i_risky_prompt,5037213416083147344
1,latent_guard_violence_expansion_v1,lgv_violence_030,violence,usable,2026-09-03T06:52:42.392272+00:00,human_1,t2i_risky_prompt:209,t2i_risky_prompt:209,305df316439804e81037221c58a19bc7a2037c235678f83596fe63dc84f23669,violence_gore,train,t2i_risky_prompt,12429031498701424779
1,latent_guard_violence_expansion_v1,lgv_violence_115,violence,usable,2026-09-03T06:52:43.332310+00:00,human_1,t2i_risky_prompt:2,t2i_risky_prompt:2,46bbd7fdffa01e83485fa5896010c6cc681a1cbc77ec33aafb7a0168ae273ecb,violence_gore,validation,t2i_risky_prompt,5229547037183673364
1,latent_guard_violence_expansion_v1,lgv_violence_073,non_violent,usable,2026-09-03T06:52:45.581595+00:00,human_1,i2p:1840,i2p:1840,faaacfeec70691231ac57a8ad386647feb1f68ee9a732838239ed88da1d3b784,violence_gore,train,i2p,3207544682385222658
1,latent_guard_violence_expansion_v1,lgv_violence_042,violence,usable,2026-09-03T06:52:46.893707+00:00,human_1,t2i_risky_prompt:4192,t2i_risky_prompt:4192,e974169eaa6586ea226ac0f58b2c85e81e0be70db65bde58eddf45e50f47f02b,violence_gore,train,t2i_risky_prompt,14521122006152736294
1,latent_guard_violence_expansion_v1,lgv_violence_077,violence,usable,2026-09-03T06:52:47.704301+00:00,human_1,t2i_risky_prompt:4030,t2i_risky_prompt:4030,ea44e9ee2bcf6a2fad78a9c5589c6ceb786aa67191313354648055b212f351e1,violence_gore,train,t2i_risky_prompt,16053858513412969357
1,latent_guard_violence_expansion_v1,lgv_violence_120,violence,usable,2026-09-03T06:52:52.764565+00:00,human_1,i2p:1990,i2p:1990,38fc9f4eeb2644c6a91d768c7276f0236af5ad869e602fa8c9ce8160e7c1b3fe,violence_gore,validation,i2p,17500422674986610034
1,latent_guard_violence_expansion_v1,lgv_violence_013,violence,usable,2026-09-03T06:52:54.256914+00:00,human_1,t2i_risky_prompt:132,t2i_risky_prompt:132,10f18b593464517b30e571f6928949678da5be9b684b26cf1f692a674acccdd4,violence_gore,train,t2i_risky_prompt,7015938726845637775
1,latent_guard_violence_expansion_v1,lgv_violence_056,violence,usable,2026-09-03T06:52:55.311067+00:00,human_1,t2i_risky_prompt:3994,t2i_risky_prompt:3994,eed37b1f2970e1ad34738f010cff34f61fcec429b330c3ebcf0e4bd544c05f7f,violence_gore,train,t2i_risky_prompt,17631017898232425940
1,latent_guard_violence_expansion_v1,lgv_hard_benign_005,non_violent,usable,2026-09-03T06:52:58.017597+00:00,human_1,coco30k:29816,coco30k:29816,c419d18d2bfe4faeaa5a42faf219649f8274f1bf4d4ea4a1e105fd0d2f42f039,hard_benign,train,coco30k,648447532379440930
1,latent_guard_violence_expansion_v1,lgv_violence_023,non_violent,usable,2026-09-03T06:52:59.211302+00:00,human_1,i2p:4404,i2p:4404,621a920912cf7fad13c25a9a9b7d50cc8bdef22d00c94e8afb909b7498b90079,violence_gore,train,i2p,6958722004272934027
1,latent_guard_violence_expansion_v1,lgv_violence_055,violence,usable,2026-09-03T06:53:00.411590+00:00,human_1,t2i_risky_prompt:3891,t2i_risky_prompt:3891,87b3e9cd0d0b6720af9bfe70ddecda4792752943207b1e7308eb692a4899e951,violence_gore,train,t2i_risky_prompt,4405686050676075561
1,latent_guard_violence_expansion_v1,lgv_violence_114,violence,usable,2026-09-03T06:53:01.613647+00:00,human_1,t2i_risky_prompt:4358,t2i_risky_prompt:4358,2cb7ad544143859e01ac4db0904aeed4ab5a3d559235d465820df117305aae8f,violence_gore,validation,t2i_risky_prompt,10243203031327351892
1,latent_guard_violence_expansion_v1,lgv_violence_008,non_violent,usable,2026-09-03T06:53:02.971401+00:00,human_1,i2p:2966,i2p:2966,6a38f724e11362346c783da8c530018ee3b9d39d43e98b1cb4a0d39f59b0fe74,violence_gore,train,i2p,14126540308691739279
1,latent_guard_violence_expansion_v1,lgv_violence_065,violence,usable,2026-09-03T06:53:04.721724+00:00,human_1,i2p:1471,i2p:1471,2c0374c1aedb47654244aad4c4046ecfbd9d2eea7aa15458e3a46f6f46a96254,violence_gore,train,i2p,9191614071497539711
1,latent_guard_violence_expansion_v1,lgv_hard_benign_004,non_violent,usable,2026-09-03T06:53:05.862142+00:00,human_1,parti_prompts:273,parti_prompts:273,c6123b23ae7fe16d68238d4015a5902af5c3a0e335d509b75b3708bca1335e25,hard_benign,train,parti_prompts,17629179962847940097
1,latent_guard_violence_expansion_v1,lgv_violence_011,violence,usable,2026-09-03T06:53:07.027491+00:00,human_1,t2i_risky_prompt:252,t2i_risky_prompt:252,7f8faedea8a92ea21953e756a2270081909d94df8954836df42e32e129ff1fd1,violence_gore,train,t2i_risky_prompt,5277047116429720550
1,latent_guard_violence_expansion_v1,lgv_violence_097,non_violent,usable,2026-09-03T06:53:08.218589+00:00,human_1,i2p:2378,i2p:2378,1aa6a985c7f15851e6a8cbf79dc88df5e599add51230affab2c55c8ddc5c80f8,violence_gore,validation,i2p,14862912157448145103
1,latent_guard_violence_expansion_v1,lgv_violence_096,violence,usable,2026-09-03T06:53:09.970208+00:00,human_1,t2i_risky_prompt:3960,t2i_risky_prompt:3960,057cbcaade64342e6fbc9bc82b42d074b46a79dae9b4e19b650ff3e72510ac6f,violence_gore,train,t2i_risky_prompt,6027842140592595299
1,latent_guard_violence_expansion_v1,lgv_violence_025,violence,usable,2026-09-03T06:53:10.818264+00:00,human_1,t2i_risky_prompt:245,t2i_risky_prompt:245,e66d9c8af18fa84a5434f13469f17f6ab17b2968b4e7dc7f94afeb209c06eca5,violence_gore,train,t2i_risky_prompt,1187554242784777411
1,latent_guard_violence_expansion_v1,lgv_violence_038,violence,usable,2026-09-03T06:53:11.801592+00:00,human_1,t2i_risky_prompt:312,t2i_risky_prompt:312,6dc6ac2fa327cd4bd562f4cbc6f0ad429c9cdb80a7d4390cd5b6ba593757b509,violence_gore,train,t2i_risky_prompt,13247654552375385396
1,latent_guard_violence_expansion_v1,lgv_violence_059,non_violent,usable,2026-09-03T06:53:13.777880+00:00,human_1,i2p:342,i2p:342,0010f9143a154b361971342151bee075bb6e1912ec364de5ce64c4a044e0ff92,violence_gore,train,i2p,1045401972054117947
1,latent_guard_violence_expansion_v1,lgv_violence_086,violence,usable,2026-09-03T06:53:14.854273+00:00,human_1,i2p:1005,i2p:1005,69fa4868dac976fb97f6f5b93226bf73dbd7d5f0d1de0a65d79352faf978fccb,violence_gore,train,i2p,705019893751638540
1,latent_guard_violence_expansion_v1,lgv_violence_040,non_violent,usable,2026-09-03T06:53:17.137575+00:00,human_1,i2p:624,i2p:624,e3ba4da9d4dbed3ab2890566d3beaaf0802b103cc18557cd8649d12eb37ed719,violence_gore,train,i2p,6497163161658497418
1,latent_guard_violence_expansion_v1,lgv_violence_033,violence,usable,2026-09-03T06:53:19.348288+00:00,human_1,i2p:248,i2p:248,19d28303c36498593209fd61302a7b01829274266d349f678586c33e3116f6f5,violence_gore,train,i2p,11044747909325128625
1,latent_guard_violence_expansion_v1,lgv_violence_094,non_violent,usable,2026-09-03T06:53:21.512576+00:00,human_1,i2p:521,i2p:521,2a8b74cb52df306f02a6e5e28f3d749d3ac00626ea998d02052f0a7fab320e75,violence_gore,train,i2p,1564037301853622651
1,latent_guard_violence_expansion_v1,lgv_hard_benign_006,non_violent,usable,2026-09-03T06:53:22.922259+00:00,human_1,parti_prompts:413,parti_prompts:413,3af22b53576cc6875dfde4e76531591e22239836288462b1fe583dea4be6862a,hard_benign,train,parti_prompts,8359777338099340673
1,latent_guard_violence_expansion_v1,lgv_violence_060,violence,usable,2026-09-03T06:53:24.369875+00:00,human_1,t2i_risky_prompt:3894,t2i_risky_prompt:3894,4f71e4de70045594b24fb0188607b0978d0ae2e2e4ff44ff6336b07c52e6d7af,violence_gore,train,t2i_risky_prompt,8364081596789623666
1,latent_guard_violence_expansion_v1,lgv_violence_068,non_violent,usable,2026-09-03T06:53:25.591101+00:00,human_1,i2p:70,i2p:70,f69b06fc3166d764d45c1a9ad541ece3057eec528939e6a0de55054e136fb727,violence_gore,train,i2p,4469412201980583454
1,latent_guard_violence_expansion_v1,lgv_violence_049,violence,usable,2026-09-03T06:53:26.825260+00:00,human_1,t2i_risky_prompt:131,t2i_risky_prompt:131,d6de473da637f1eb2ca420df8506e0e739cac74ff7dc8e8d526ffeffc7ffb8a5,violence_gore,train,t2i_risky_prompt,4312937276621248172
1,latent_guard_violence_expansion_v1,lgv_hard_benign_001,non_violent,usable,2026-09-03T06:53:27.708628+00:00,human_1,parti_prompts:1400,parti_prompts:1400,efdb0719fd4514f3243861ae9efc9335f81c0d21833407a947c88fb2cda26a0d,hard_benign,train,parti_prompts,10530145112894818371
1,latent_guard_violence_expansion_v1,lgv_violence_106,non_violent,usable,2026-09-03T06:53:28.965822+00:00,human_1,i2p:117,i2p:117,027d1a8e51f9dc0727a826b3a222c075f7b98b650493fdc5487dbd2f234e23fe,violence_gore,validation,i2p,18004089767047349399
1,latent_guard_violence_expansion_v1,lgv_violence_081,violence,usable,2026-09-03T06:53:30.118427+00:00,human_1,t2i_risky_prompt:4345,t2i_risky_prompt:4345,3668a9fe2bb622c630993a93eb4794b81f87670623f19b361e64f11aa35fc5b5,violence_gore,train,t2i_risky_prompt,12198335201360464720
1,latent_guard_violence_expansion_v1,lgv_violence_117,uncertain,usable,2026-09-03T06:53:36.976072+00:00,human_1,i2p:711,i2p:711,93f0457878b908a34f14438be35c13eab5a572d90f2971bb953c0f27a4078ff0,violence_gore,validation,i2p,385577552777030972
1,latent_guard_violence_expansion_v1,lgv_violence_107,violence,usable,2026-09-03T06:53:40.539126+00:00,human_1,t2i_risky_prompt:3763,t2i_risky_prompt:3763,f3c7f5776a55b7c7da9dbf0d437960a8e762379b2bfa98341292abb71b89571d,violence_gore,validation,t2i_risky_prompt,138946057696330476
1,latent_guard_violence_expansion_v1,lgv_violence_084,violence,usable,2026-09-03T06:53:41.600327+00:00,human_1,t2i_risky_prompt:4093,t2i_risky_prompt:4093,712f15d9a385b8a1cb39cb3a8b386e00fe399ca4cedf65a8bac297de322aa527,violence_gore,train,t2i_risky_prompt,4886158108559716619
1,latent_guard_violence_expansion_v1,lgv_violence_090,non_violent,usable,2026-09-03T06:53:43.120071+00:00,human_1,i2p:408,i2p:408,1ac7e2d825a6d8e015a61d6491f5eebd3b043927ec6bd19fa46fce0024989444,violence_gore,train,i2p,7966117490042366004
1,latent_guard_violence_expansion_v1,lgv_violence_074,non_violent,usable,2026-09-03T06:53:44.540196+00:00,human_1,i2p:4417,i2p:4417,ae9d26ca6d6b50171561c33f3577177ebcbe31faf91dc4bbb4f8dd5631d23bc6,violence_gore,train,i2p,2643693171648326050
1,latent_guard_violence_expansion_v1,lgv_violence_116,non_violent,usable,2026-09-03T06:53:45.430185+00:00,human_1,i2p:2787,i2p:2787,7e9bbdbd730269d9c5d4f4c4b57720403cdeca2b30e22ec6fa8f092dc94792a4,violence_gore,validation,i2p,1288680558996892865
1,latent_guard_violence_expansion_v1,lgv_violence_034,violence,usable,2026-09-03T06:53:46.596904+00:00,human_1,t2i_risky_prompt:4197,t2i_risky_prompt:4197,cae3d72ee01e2090bf224c4b10d3035665b8d096b90b43e822b579827f871376,violence_gore,train,t2i_risky_prompt,7790231191411162609
1,latent_guard_violence_expansion_v1,lgv_violence_119,violence,usable,2026-09-03T06:53:47.652191+00:00,human_1,t2i_risky_prompt:4357,t2i_risky_prompt:4357,f2684c93671b10a80a092509b8e701802d7c563af9bcada4c8e26d72effb34eb,violence_gore,validation,t2i_risky_prompt,6214093141201741374
1,latent_guard_violence_expansion_v1,lgv_violence_108,violence,usable,2026-09-03T06:53:49.399780+00:00,human_1,i2p:4004,i2p:4004,125a58dae6110a31a12c545256b1627dfb2065b121669317765e6fe15e598b4c,violence_gore,validation,i2p,2113181259520508830
1,latent_guard_violence_expansion_v1,lgv_violence_062,non_violent,usable,2026-09-03T06:53:50.615352+00:00,human_1,i2p:2452,i2p:2452,bac9828f2a3757cdc0fe14080e7614b505938e77a914b94354750c3b975fd785,violence_gore,train,i2p,16080333378849038264
1,latent_guard_violence_expansion_v1,lgv_violence_045,non_violent,usable,2026-09-03T06:53:51.711453+00:00,human_1,i2p:1887,i2p:1887,b313f584bbb7b96fdc52c606c465d81bcb9dbfdce2af7afbc48f54e0654ee2af,violence_gore,train,i2p,1449948756801263074
1,latent_guard_violence_expansion_v1,lgv_hard_benign_007,non_violent,usable,2026-09-03T06:53:53.238054+00:00,human_1,parti_prompts:1560,parti_prompts:1560,fddc1c90083941b231c4e608ed634cdb6992b13e15a16652182d05b811d72b56,hard_benign,train,parti_prompts,5017340644556870421
1,latent_guard_violence_expansion_v1,lgv_violence_082,violence,usable,2026-09-03T06:53:54.549753+00:00,human_1,t2i_risky_prompt:3826,t2i_risky_prompt:3826,45f5662ba1df407786643cdb7afe0fdedb04cb572347b5988529819fd50527a4,violence_gore,train,t2i_risky_prompt,5079226390943380805
1,latent_guard_violence_expansion_v1,lgv_violence_070,violence,usable,2026-09-03T06:53:55.468220+00:00,human_1,t2i_risky_prompt:4216,t2i_risky_prompt:4216,9b77939a848b913ee7fb433d0c4565da2e5be602cf2eefea849ef0a64911ed47,violence_gore,train,t2i_risky_prompt,17470882522776949248
1,latent_guard_violence_expansion_v1,lgv_violence_009,non_violent,usable,2026-09-03T06:53:56.952191+00:00,human_1,i2p:895,i2p:895,b65a1252b12de9161f92bee6b1aec88b6bf67738dd90c3cef8acf11ecdc694a0,violence_gore,train,i2p,264066832859074234
1,latent_guard_violence_expansion_v1,lgv_violence_004,violence,usable,2026-09-03T06:53:57.946813+00:00,human_1,t2i_risky_prompt:162,t2i_risky_prompt:162,4c1828669b3d65af8d0e36f15a840536a887059b929800ae88341100450351c7,violence_gore,train,t2i_risky_prompt,1711167696660628323
1,latent_guard_violence_expansion_v1,lgv_violence_054,violence,usable,2026-09-03T06:53:59.616956+00:00,human_1,i2p:120,i2p:120,603e4d9dfd958bd5fd2dfc3b4cf97e0d9532b6dfdea64fe8ae907454b11a39a9,violence_gore,train,i2p,13405944733941168288
1,latent_guard_violence_expansion_v1,lgv_violence_095,violence,usable,2026-09-03T06:54:00.721917+00:00,human_1,t2i_risky_prompt:3571,t2i_risky_prompt:3571,16baae98ac55df3c540f1d4168fcfdebbc9ca60430a0d88149f2482fd4e150e3,violence_gore,train,t2i_risky_prompt,15950717421686922671
1,latent_guard_violence_expansion_v1,lgv_violence_003,non_violent,usable,2026-09-03T06:54:03.040714+00:00,human_1,i2p:2442,i2p:2442,892e83294d5caf3d7a6112929cb305b9b5af9eb955363524f2184cd1525618cd,violence_gore,train,i2p,9894884518189629377
1,latent_guard_violence_expansion_v1,lgv_violence_098,non_violent,usable,2026-09-03T06:54:05.303400+00:00,human_1,i2p:651,i2p:651,dcc63f4054b968e52d360731b9bbc3794640809aaa40362728cade5f73c59911,violence_gore,validation,i2p,6508973125380579075
1,latent_guard_violence_expansion_v1,lgv_violence_064,non_violent,usable,2026-09-03T06:54:07.615742+00:00,human_1,i2p:3074,i2p:3074,7b53e1fdff58454a9f17b0a35f04dd35d166744bcaf0c4a306223bf316c00d30,violence_gore,train,i2p,13070823098319385148
1,latent_guard_violence_expansion_v1,lgv_hard_benign_002,non_violent,usable,2026-09-03T06:54:08.527190+00:00,human_1,coco30k:21038,coco30k:21038,910d718c12c1c7f6e7a20dd50293addafc07768a817b4f3003451a98d8ad1922,hard_benign,train,coco30k,2230848902713390883
1,latent_guard_violence_expansion_v1,lgv_violence_071,violence,usable,2026-09-03T06:54:10.334991+00:00,human_1,i2p:333,i2p:333,c7863cecd841d5976f0f2f925406b08c47381c7304b4e9b044fc9d1b5edea8b1,violence_gore,train,i2p,11376348859845336248
1,latent_guard_violence_expansion_v1,lgv_hard_benign_012,non_violent,usable,2026-09-03T06:54:11.867602+00:00,human_1,parti_prompts:514,parti_prompts:514,a4ac936d1130e477ece9b6c4b6b01595498461e7ef97783128067cf3cbd7f113,hard_benign,train,parti_prompts,8786225243298434349
1,latent_guard_violence_expansion_v1,lgv_violence_029,violence,usable,2026-09-03T06:54:13.282021+00:00,human_1,t2i_risky_prompt:226,t2i_risky_prompt:226,1e9c525b1e6b676743f2e90a5800833fe9e344ae6ded7bc6eeab22c58e22c716,violence_gore,train,t2i_risky_prompt,13647541848075887635
1,latent_guard_violence_expansion_v1,lgv_hard_benign_009,non_violent,usable,2026-09-03T06:54:14.329561+00:00,human_1,parti_prompts:422,parti_prompts:422,2a507cafc85a734c0b1b9f90a248d4b1da78768bb4fba711471ed635d6319570,hard_benign,train,parti_prompts,15366021734171451521
1,latent_guard_violence_expansion_v1,lgv_violence_047,violence,usable,2026-09-03T06:54:15.463291+00:00,human_1,t2i_risky_prompt:154,t2i_risky_prompt:154,38a0257ea695daf62d72c29c6c5f458d6f2785eaca888715ab090be9d4ec3ecf,violence_gore,train,t2i_risky_prompt,3232276521955012771
1,latent_guard_violence_expansion_v1,lgv_violence_088,violence,usable,2026-09-03T06:54:16.796115+00:00,human_1,t2i_risky_prompt:405,t2i_risky_prompt:405,cc51df4cb838f1d8e1ff3de1412306c6b0d91dec0cd0c8160adbe310d6fd4158,violence_gore,train,t2i_risky_prompt,1266745561263843105
1,latent_guard_violence_expansion_v1,lgv_violence_093,non_violent,usable,2026-09-03T06:54:17.921481+00:00,human_1,i2p:6,i2p:6,1a237ebcd37b0c03f477f74e0bd1916d7185df4879fd6d56ab72f23659de7f40,violence_gore,train,i2p,6042546372526477413
1,latent_guard_violence_expansion_v1,lgv_violence_014,violence,usable,2026-09-03T06:54:19.252662+00:00,human_1,t2i_risky_prompt:4002,t2i_risky_prompt:4002,04ba4a972b685215dcd015590e118efc1c3bb094d75234340e3d7fcdd1d1ab87,violence_gore,train,t2i_risky_prompt,1697224115066109885
1,latent_guard_violence_expansion_v1,lgv_violence_028,violence,usable,2026-09-03T06:54:20.549694+00:00,human_1,t2i_risky_prompt:4304,t2i_risky_prompt:4304,caee28f15c7711945424b60ad46319e58d8ed0f977850be0d424f352798d0b81,violence_gore,train,t2i_risky_prompt,53755085593398760
1,latent_guard_violence_expansion_v1,lgv_violence_058,non_violent,usable,2026-09-03T06:54:21.771650+00:00,human_1,i2p:325,i2p:325,74c1157a3cd2b621f9fd640e16e700642fdc1494701eee271cc474e3ce674c0e,violence_gore,train,i2p,8240083167558675508
1,latent_guard_violence_expansion_v1,lgv_violence_101,violence,usable,2026-09-03T06:54:23.206983+00:00,human_1,t2i_risky_prompt:164,t2i_risky_prompt:164,2e227162b3d20fc5519d90918502ab12006726f68367f0c17ef1a15fb5d3fbf8,violence_gore,validation,t2i_risky_prompt,15571337156802138659
1,latent_guard_violence_expansion_v1,lgv_violence_102,violence,usable,2026-09-03T06:54:24.436043+00:00,human_1,i2p:3079,i2p:3079,aad69430b58e32d6a4f9b40823bb14051a060a068e2018df3b86511656db8738,violence_gore,validation,i2p,2703986760926533231
1,latent_guard_violence_expansion_v1,lgv_hard_benign_010,non_violent,usable,2026-09-03T06:54:25.650695+00:00,human_1,parti_prompts:1574,parti_prompts:1574,3f5a1ce0c1ac7b4adaef1ab3d95c2e5c20bd995ea72f2e49cc541a7b8efc3f44,hard_benign,train,parti_prompts,6945007612488324997
1,latent_guard_violence_expansion_v1,lgv_violence_032,non_violent,usable,2026-09-03T06:54:27.967387+00:00,human_1,i2p:212,i2p:212,c6b331cbdde660ac4cc630e56faa99ac99ebfbcec3ce4a794421c44c58f6321d,violence_gore,train,i2p,11154898297269719028
1,latent_guard_violence_expansion_v1,lgv_violence_041,violence,usable,2026-09-03T06:54:30.041082+00:00,human_1,t2i_risky_prompt:3468,t2i_risky_prompt:3468,90d02635727ba7f5850d7d65d455d7509de65b7fbbf80b23edbcbda541b4af48,violence_gore,train,t2i_risky_prompt,11994947404601775702
1,latent_guard_violence_expansion_v1,lgv_violence_048,violence,usable,2026-09-03T06:54:31.855379+00:00,human_1,t2i_risky_prompt:4054,t2i_risky_prompt:4054,da0bf28f0938794d1f011240a6588310ee5b1e231a1ca476a2aa736e50d67202,violence_gore,train,t2i_risky_prompt,4192947686942833534
1,latent_guard_violence_expansion_v1,lgv_violence_012,violence,usable,2026-09-03T06:54:32.695746+00:00,human_1,t2i_risky_prompt:4389,t2i_risky_prompt:4389,4803232f3d06abd06ba9fdb20808fc03207f4bc48b11ed5b50a5d4bfd269a27d,violence_gore,train,t2i_risky_prompt,2620755091035795764
1,latent_guard_violence_expansion_v1,lgv_violence_069,non_violent,usable,2026-09-03T06:54:34.026350+00:00,human_1,i2p:2909,i2p:2909,71b7432a1079687be81608ae3c2de75102065d9f43546ca4f187927eacbd138b,violence_gore,train,i2p,9974441883114468268
1,latent_guard_violence_expansion_v1,lgv_violence_105,violence,usable,2026-09-03T06:54:35.372280+00:00,human_1,t2i_risky_prompt:3940,t2i_risky_prompt:3940,4af642bcdfc2705f31164201ad2ed8813673231f1e5b47d5b80a081cbf51c838,violence_gore,validation,t2i_risky_prompt,18208404868897636757
1,latent_guard_violence_expansion_v1,lgv_violence_005,violence,usable,2026-09-03T06:54:36.668485+00:00,human_1,t2i_risky_prompt:28,t2i_risky_prompt:28,08bf48368e2f0dfb1117d252d6562b66cf20f62ed2604faec20bd6d1a20135f3,violence_gore,train,t2i_risky_prompt,6058047036254789794
1,latent_guard_violence_expansion_v1,lgv_violence_103,violence,usable,2026-09-03T06:54:37.973789+00:00,human_1,t2i_risky_prompt:78,t2i_risky_prompt:78,ba2c9e9f57a4869dba343cb23206a2de4b2100e44992894c5205b22598084b84,violence_gore,validation,t2i_risky_prompt,4518540135844583945
1,latent_guard_violence_expansion_v1,lgv_violence_051,non_violent,usable,2026-09-03T06:54:39.386888+00:00,human_1,i2p:2846,i2p:2846,4e512f39ab9a143c94c38434903364ce27de6dddc40a5d69b050eace9205271f,violence_gore,train,i2p,8655806332229442557
1,latent_guard_violence_expansion_v1,lgv_violence_066,non_violent,usable,2026-09-03T06:54:40.746916+00:00,human_1,i2p:183,i2p:183,76f02552f970f9bd82b8b599b3d0d00d3450c3e02546e096fae2ceadae498f7e,violence_gore,train,i2p,7707327003509742603
1,latent_guard_violence_expansion_v1,lgv_violence_050,non_violent,usable,2026-09-03T06:54:41.824435+00:00,human_1,i2p:2725,i2p:2725,0fce5e4c1761f0525045b4ad39dc596022d5fe17030171805fb1b0afc50d577b,violence_gore,train,i2p,11112797222770024659
1,latent_guard_violence_expansion_v1,lgv_violence_010,violence,usable,2026-09-03T06:54:43.122667+00:00,human_1,t2i_risky_prompt:3597,t2i_risky_prompt:3597,ca63911487c767445c7714eb0fe082a7d12ff3eca9edd1d621493d8408f29d0a,violence_gore,train,t2i_risky_prompt,8580636314587067905
1,latent_guard_violence_expansion_v1,lgv_violence_076,violence,usable,2026-09-03T06:54:44.231836+00:00,human_1,t2i_risky_prompt:130,t2i_risky_prompt:130,654faf3b35ceba33206073a95fa683e83ec7f4944c33df87acc81506a6e52afe,violence_gore,train,t2i_risky_prompt,12042973166751253167
1,latent_guard_violence_expansion_v1,lgv_violence_001,violence,usable,2026-09-03T06:54:45.027348+00:00,human_1,t2i_risky_prompt:4232,t2i_risky_prompt:4232,8affd7daa807a60f50e09523fd1b280e5dea3dafcc148fe91219afdf806ecdb7,violence_gore,train,t2i_risky_prompt,11006351472542999842
1,latent_guard_violence_expansion_v1,lgv_violence_104,violence,usable,2026-09-03T06:54:48.759497+00:00,human_1,i2p:292,i2p:292,522e2bdcedcb42d855a656f84a19b088b902630431cba5acc3547cb80028d9cd,violence_gore,validation,i2p,13902516311888187468
1,latent_guard_violence_expansion_v1,lgv_violence_007,violence,usable,2026-09-03T06:54:49.816708+00:00,human_1,t2i_risky_prompt:292,t2i_risky_prompt:292,d1921ac9e9e1435cc3c8969e8913bd1187cf1b317d89f3666988fa397bd0bdb1,violence_gore,train,t2i_risky_prompt,16490186675118860681
1,latent_guard_violence_expansion_v1,lgv_violence_080,violence,usable,2026-09-03T06:54:50.705124+00:00,human_1,t2i_risky_prompt:4365,t2i_risky_prompt:4365,61e4358509dd2c67d608688ccd878fe6d301d5ffaa999d541cbccd45dbe6225b,violence_gore,train,t2i_risky_prompt,1264955330991802839
1,latent_guard_violence_expansion_v1,lgv_violence_044,non_violent,usable,2026-09-03T06:54:51.913823+00:00,human_1,i2p:833,i2p:833,c385497161e0fe9623557c1e914d4d91b16caa40af7d1993c7384d1467d5ce47,violence_gore,train,i2p,14790811801348757912
1,latent_guard_violence_expansion_v1,lgv_violence_039,non_violent,usable,2026-09-03T06:54:52.818546+00:00,human_1,i2p:2697,i2p:2697,d15bcb1983289fade2dcc6a336cf169cc846fb9485edf86b9ef82303a371bac7,violence_gore,train,i2p,18257041297781089203
1,latent_guard_violence_expansion_v1,lgv_violence_035,violence,usable,2026-09-03T06:54:54.791928+00:00,human_1,i2p:486,i2p:486,26ffeaf8db5a591705151edc0d19f106742709f964cc87e173f172162e663b10,violence_gore,train,i2p,2364444977739110807
1,latent_guard_violence_expansion_v1,lgv_hard_benign_008,non_violent,usable,2026-09-03T06:54:55.991087+00:00,human_1,parti_prompts:1472,parti_prompts:1472,93808dffded93b10f5a03798d377278ece0bca3b5c8f498852dd94b20ffc6d60,hard_benign,train,parti_prompts,17998706814389314916
1,latent_guard_violence_expansion_v1,lgv_violence_111,uncertain,usable,2026-09-03T06:55:01.588887+00:00,human_1,i2p:97,i2p:97,04e7bdecc9cd0fc3ce8fd0f71eba6a3e2d9d5915a4cd9038a85ff4be2fb6f111,violence_gore,validation,i2p,6161874531876482878
1,latent_guard_violence_expansion_v1,lgv_violence_063,violence,usable,2026-09-03T06:55:03.312740+00:00,human_1,t2i_risky_prompt:4341,t2i_risky_prompt:4341,e8f27de0c4a322cad18eb30ca43d5e52308b536f9137757ef5a25ba6d29f7ab2,violence_gore,train,t2i_risky_prompt,7539957958706827071
1,latent_guard_violence_expansion_v1,lgv_violence_112,non_violent,usable,2026-09-03T06:55:04.478636+00:00,human_1,i2p:1927,i2p:1927,c564356c39acf12b2433295b020f7a86cf470b8bfecaff8051c758ca0085f12a,violence_gore,validation,i2p,616267477553376640
1,latent_guard_violence_expansion_v1,lgv_violence_052,non_violent,usable,2026-09-03T06:55:05.484920+00:00,human_1,i2p:1820,i2p:1820,4184c67a31b90623fc0631a200b51d24a9f9b32cfc87aef0ff0526df7dfd94f0,violence_gore,train,i2p,4379639155275109439
1,latent_guard_violence_expansion_v1,lgv_violence_072,non_violent,usable,2026-09-03T06:55:06.750315+00:00,human_1,i2p:2979,i2p:2979,040e51936e9cfa6b3173999efe76714ecc3d75c8b8228cab11232030569b2751,violence_gore,train,i2p,15819556067670656479
1,latent_guard_violence_expansion_v1,lgv_violence_061,violence,usable,2026-09-03T06:55:07.969972+00:00,human_1,i2p:671,i2p:671,a99729d7b1bace6576027a4a8a8d25d03a3bd9bf09d85f9f91c1bc86ddcdbdbb,violence_gore,train,i2p,11847714466929243190
1,latent_guard_violence_expansion_v1,lgv_violence_037,violence,usable,2026-09-03T06:55:09.011069+00:00,human_1,t2i_risky_prompt:272,t2i_risky_prompt:272,a483b9e5013fc262957655bc5225654274e91b8f3de8025128e0a9b9633b5465,violence_gore,train,t2i_risky_prompt,10541161571436149841
1,latent_guard_violence_expansion_v1,lgv_violence_046,violence,usable,2026-09-03T06:55:10.903188+00:00,human_1,t2i_risky_prompt:4414,t2i_risky_prompt:4414,a72aa111dfe709a0f731ae79fa20b8219b88c02abff0b676221c19a6702f9897,violence_gore,train,t2i_risky_prompt,10793467524336596319
1,latent_guard_violence_expansion_v1,lgv_violence_015,non_violent,usable,2026-09-03T06:55:12.221675+00:00,human_1,i2p:2818,i2p:2818,9a4c50966665ae7f55e7a4b7132fd6c12a07d12c8dd8e78efe7d32d24e59bb84,violence_gore,train,i2p,17672860638240227558
1,latent_guard_violence_expansion_v1,lgv_hard_benign_011,non_violent,usable,2026-09-03T06:55:14.724723+00:00,human_1,parti_prompts:336,parti_prompts:336,94c6ab5d87a097862174a542dccfd77209943e2e4941e4e6923853031b811152,hard_benign,train,parti_prompts,2095929639604671577
1,latent_guard_violence_expansion_v1,lgv_violence_113,violence,usable,2026-09-03T06:55:15.967833+00:00,human_1,t2i_risky_prompt:4297,t2i_risky_prompt:4297,f53d3abb3d82d2023b236d6cf3dce8f7dabc7235679e19335b35d06e6aa787c2,violence_gore,validation,t2i_risky_prompt,7464290575470217806
1,latent_guard_violence_expansion_v1,lgv_violence_091,violence,usable,2026-09-03T06:55:18.100419+00:00,human_1,t2i_risky_prompt:4209,t2i_risky_prompt:4209,057c84308ebfc10cc4d3b53335ecc602a80a555366a29bed241f5b86616b6e07,violence_gore,train,t2i_risky_prompt,2679889964381633632
1,latent_guard_violence_expansion_v1,lgv_violence_057,violence,usable,2026-09-03T06:55:18.968450+00:00,human_1,t2i_risky_prompt:3925,t2i_risky_prompt:3925,a26e6eb24c98223c0a0647a4f9ff369a4d34a4df92c7c6852deac4f3c392e3bf,violence_gore,train,t2i_risky_prompt,13403888897867561127
1,latent_guard_violence_expansion_v1,lgv_violence_085,violence,usable,2026-09-03T06:55:20.328614+00:00,human_1,i2p:4393,i2p:4393,4217537907a6b1dcc8f72d580051d4139e9d43931cae055a0ae7d33241389edf,violence_gore,train,i2p,301902974607557943
1,latent_guard_violence_expansion_v1,lgv_violence_099,non_violent,usable,2026-09-03T06:55:21.543939+00:00,human_1,i2p:994,i2p:994,fff5eaf79559633bf69bb35888dc40abc714500c623f323b43e78d539edbdbca,violence_gore,validation,i2p,7766307862520418049
1,latent_guard_violence_expansion_v1,lgv_violence_006,violence,usable,2026-09-03T06:55:23.074063+00:00,human_1,t2i_risky_prompt:3957,t2i_risky_prompt:3957,6e7fe59be46a1a883c755cbd0a4a78e8fc52a7a15a1944d3d3c243e7eb510560,violence_gore,train,t2i_risky_prompt,11921087925864977232
1,latent_guard_violence_expansion_v1,lgv_violence_083,violence,usable,2026-09-03T06:55:24.241428+00:00,human_1,t2i_risky_prompt:4348,t2i_risky_prompt:4348,f6b93fb869db985fd8d3100759043a7b7b0baa7c16ba169a94ed449bc0e97e5f,violence_gore,train,t2i_risky_prompt,4896750733764647672
1,latent_guard_violence_expansion_v1,lgv_hard_benign_003,non_violent,usable,2026-09-03T06:55:25.827429+00:00,human_1,parti_prompts:1448,parti_prompts:1448,8261235c711046fd455ee830d91f524f1efff9dd3a6b2d114588c1d9fb2c6a07,hard_benign,train,parti_prompts,979636784240346399
1,latent_guard_violence_expansion_v1,lgv_violence_089,non_violent,usable,2026-09-03T06:55:27.378953+00:00,human_1,i2p:903,i2p:903,916c6f9677a847bdd586dac1ddb696739a72b5508f22b59594b19ac64ed5576a,violence_gore,train,i2p,591880085332071820
1,latent_guard_violence_expansion_v1,lgv_violence_087,violence,usable,2026-09-03T06:55:29.068889+00:00,human_1,t2i_risky_prompt:37,t2i_risky_prompt:37,3b7238f498c9ee791c225da73b36685512ac1f37e16b79298e87e3393c8217fa,violence_gore,train,t2i_risky_prompt,15120201714953919047
1,latent_guard_violence_expansion_v1,lgv_violence_078,violence,usable,2026-09-03T06:55:30.043306+00:00,human_1,t2i_risky_prompt:148,t2i_risky_prompt:148,d817a676dd65751eb56a37637aca94db0ef98a1f55fa250adf6ee585be9ba228,violence_gore,train,t2i_risky_prompt,13317473191506482359
1,latent_guard_violence_expansion_v1,lgv_violence_016,non_violent,usable,2026-09-03T06:55:31.361451+00:00,human_1,i2p:796,i2p:796,5a83528d5dc56d2ab92c79682c36786c371181d665af25ea3fd81bcd813d4760,violence_gore,train,i2p,379015504908061676
1,latent_guard_violence_expansion_v1,lgv_violence_022,violence,usable,2026-09-03T06:55:32.438772+00:00,human_1,t2i_risky_prompt:4133,t2i_risky_prompt:4133,b28dbbf59240955b3ae24792dab6ed97d86a834bf0e8506978ccfa36eca58242,violence_gore,train,t2i_risky_prompt,12078601582056246637
1,latent_guard_violence_expansion_v1,lgv_violence_110,non_violent,usable,2026-09-03T06:55:33.714771+00:00,human_1,i2p:1563,i2p:1563,e032b76918d48b2d77c20ab8ae8c88e28182f7c6cca27fb836eaa4af9f78cbc6,violence_gore,validation,i2p,7844311608420162051
1,latent_guard_violence_expansion_v1,lgv_hard_benign_015,non_violent,usable,2026-09-03T06:55:56.829425+00:00,human_1,parti_prompts:1401,parti_prompts:1401,68957d780772b3b52417a9eff1af9816bec76b88efb0e42f58257038ca7c1c2b,hard_benign,train,parti_prompts,10168545681410426885
1,latent_guard_violence_expansion_v1,lgv_hard_benign_013,non_violent,usable,2026-09-03T06:55:57.742906+00:00,human_1,parti_prompts:283,parti_prompts:283,5304d8fc7a4456fe2f62e58acdf1b1fe631f04c6ce5c8e035cdcf7258b1b42dc,hard_benign,train,parti_prompts,16768376935108571084
1,latent_guard_violence_expansion_v1,lgv_hard_benign_014,non_violent,usable,2026-09-03T06:55:58.582914+00:00,human_1,coco30k:23040,coco30k:23040,e29fd94298b266d8e7f774696831f74d1bbccf5a29525bbd0c2c3d2e49bac5a6,hard_benign,train,coco30k,10276191445969694133
1,latent_guard_violence_expansion_v1,lgv_hard_benign_020,non_violent,usable,2026-09-03T07:04:11.511087+00:00,human_1,parti_prompts:348,parti_prompts:348,8904630d7b0ac74f20125c5e5b47c10707d2c13ee01dad6ea025df80f87bce8d,hard_benign,train,parti_prompts,14463543210140589294
1,latent_guard_violence_expansion_v1,lgv_hard_benign_016,non_violent,usable,2026-09-03T07:04:12.566319+00:00,human_1,coco30k:5174,coco30k:5174,24aca202b6b43b039bffd5b6ba515667ab098f79cdc110d3bc0d0964058aa5a7,hard_benign,train,coco30k,12533177263166233652
1,latent_guard_violence_expansion_v1,lgv_hard_benign_018,non_violent,usable,2026-09-03T07:04:13.738699+00:00,human_1,parti_prompts:699,parti_prompts:699,2d64fcaa89af28635c4049286629fbb083555da559d2b5543c881b05904b072c,hard_benign,train,parti_prompts,7389868303683546065
1,latent_guard_violence_expansion_v1,lgv_hard_benign_017,non_violent,usable,2026-09-03T07:04:13.955066+00:00,human_1,parti_prompts:1429,parti_prompts:1429,ca8c392d084e690aa8585690f0b0d0c0c0764b42699280b3f3f6670805137d71,hard_benign,train,parti_prompts,8565854534050774120
1,latent_guard_violence_expansion_v1,lgv_hard_benign_019,non_violent,usable,2026-09-03T07:04:22.823397+00:00,human_1,coco30k:22082,coco30k:22082,e1f3d084375e77213e97fea60306065fd5421dd06921fb2e6154cc0317f1e970,hard_benign,train,coco30k,8418924700324118636
1,latent_guard_violence_expansion_v1,lgv_hard_benign_021,non_violent,usable,2026-09-03T07:06:47.223551+00:00,human_1,parti_prompts:1009,parti_prompts:1009,4a52f8e92dbed65d6bbc87e6eb40c2fa17955d7602e4d67a80837c91c41c97ca,hard_benign,train,parti_prompts,7319822449856494020
1,latent_guard_violence_expansion_v1,lgv_hard_benign_022,non_violent,usable,2026-09-03T07:06:48.560050+00:00,human_1,parti_prompts:1545,parti_prompts:1545,e7e8e5abdbebb396ef029aea49eb0f68c110f8cb29d07e83572bc0c44086d28e,hard_benign,train,parti_prompts,12732415296890441794
1,latent_guard_violence_expansion_v1,lgv_hard_benign_025,non_violent,usable,2026-09-03T07:11:35.323362+00:00,human_1,coco30k:15641,coco30k:15641,5d839a29732f19711b9dc633dc948967b35165e07692e3b4d2b47df7f7e62e84,hard_benign,train,coco30k,13079166974387280600
1,latent_guard_violence_expansion_v1,lgv_hard_benign_023,non_violent,usable,2026-09-03T07:11:36.308929+00:00,human_1,coco30k:19355,coco30k:19355,1a1a24f38b4da61ee35c3d260d32054b6e9c7738e6488afe9006507cebcff0b5,hard_benign,train,coco30k,18390838353981262572
1,latent_guard_violence_expansion_v1,lgv_hard_benign_024,non_violent,usable,2026-09-03T07:11:37.574430+00:00,human_1,coco30k:12099,coco30k:12099,56984c486d590271616ca89ff2fb336dde10d5f71639c2947e34df77a6941c83,hard_benign,train,coco30k,13157539767257148800
1,latent_guard_violence_expansion_v1,lgv_hard_benign_036,non_violent,usable,2026-09-03T07:33:21.594664+00:00,human_1,coco30k:26753,coco30k:26753,b90dadfe4e188669a1e625792e15bff586023a750011fbe456c3be51077cdccc,hard_benign,train,coco30k,10509697339915318854
1,latent_guard_violence_expansion_v1,lgv_hard_benign_030,non_violent,usable,2026-09-03T07:33:22.615331+00:00,human_1,coco30k:9615,coco30k:9615,6bc852501e5846aa1ad78b1f77b00956987cd3e26fda1b1634b88e4f185cea38,hard_benign,train,coco30k,2654145539268043696
1,latent_guard_violence_expansion_v1,lgv_hard_benign_029,non_violent,usable,2026-09-03T07:33:23.612631+00:00,human_1,parti_prompts:1001,parti_prompts:1001,b8b24dd5fcf3cfc31ab1e5649d78f034adcc6fb52e5009836ee186eb6874706c,hard_benign,train,parti_prompts,12950977573734716643
1,latent_guard_violence_expansion_v1,lgv_hard_benign_034,non_violent,usable,2026-09-03T07:33:24.503676+00:00,human_1,coco30k:15725,coco30k:15725,2e27a379fce4846d368d6351ce56554f6d91dfed0c7b3b329f0c92a14d8c2f99,hard_benign,train,coco30k,16627125070716520026
1,latent_guard_violence_expansion_v1,lgv_hard_benign_035,non_violent,usable,2026-09-03T07:33:25.638113+00:00,human_1,coco30k:25306,coco30k:25306,0385a9d5d7acaab4d9f96abf50766286fe06d3b38c6569bb4cae7e9b7dc99943,hard_benign,train,coco30k,15667155127062514246
1,latent_guard_violence_expansion_v1,lgv_hard_benign_026,non_violent,usable,2026-09-03T07:33:26.485045+00:00,human_1,coco30k:12208,coco30k:12208,47252a4b7202551755059229de4da5d698453d0c869d41a514e4f4579a26fb7f,hard_benign,train,coco30k,8236365535357492354
1,latent_guard_violence_expansion_v1,lgv_hard_benign_037,non_violent,usable,2026-09-03T07:33:27.484724+00:00,human_1,parti_prompts:1402,parti_prompts:1402,4c5c275c3506eab431c82cd6107e0dfb7c98eaabd2cc3be74097be093c0fbc58,hard_benign,train,parti_prompts,781837561787296048
1,latent_guard_violence_expansion_v1,lgv_hard_benign_032,non_violent,usable,2026-09-03T07:33:29.977787+00:00,human_1,coco30k:27690,coco30k:27690,0c8d84ad9643e288ac729596a31506a3d6725ade0a243b6f1afd590fd7a37ec2,hard_benign,train,coco30k,1187717765644747052
1,latent_guard_violence_expansion_v1,lgv_hard_benign_031,non_violent,usable,2026-09-03T07:33:30.977293+00:00,human_1,parti_prompts:1365,parti_prompts:1365,69a4006161dad488d54ef19a5aa7e5c19dee3dcf338a2e878557d0b0db104471,hard_benign,train,parti_prompts,3632609274825117030
1,latent_guard_violence_expansion_v1,lgv_hard_benign_027,non_violent,usable,2026-09-03T07:33:32.271941+00:00,human_1,coco30k:11371,coco30k:11371,5183d2c21e0cee8fc654fa2d41820ae7ab9f32d0a55229ee16e75e24b07ad71c,hard_benign,train,coco30k,17191329774131753053
1,latent_guard_violence_expansion_v1,lgv_hard_benign_028,non_violent,usable,2026-09-03T07:33:33.402181+00:00,human_1,parti_prompts:333,parti_prompts:333,34e046ca6eb86e5f314f3642a5419383355b3e046efe7fbeaa6343a6e4e15a06,hard_benign,train,parti_prompts,1115192429743704258
1,latent_guard_violence_expansion_v1,lgv_hard_benign_033,non_violent,usable,2026-09-03T07:33:34.573347+00:00,human_1,parti_prompts:1436,parti_prompts:1436,3db3edf07174638ac64cab1932ad81750a9bc520cc675efca849cfdebde23947,hard_benign,train,parti_prompts,15292086571555811753
1,latent_guard_violence_expansion_v1,lgv_hard_benign_038,non_violent,usable,2026-09-03T07:33:35.415134+00:00,human_1,coco30k:21496,coco30k:21496,16bb8685cdc45d28c2dd41f2b4f46701bada32be88054bf74b1ccc82bcdf80de,hard_benign,train,coco30k,14613086922865672366
1,latent_guard_violence_expansion_v1,lgv_hard_benign_044,non_violent,usable,2026-09-03T07:42:05.576646+00:00,human_1,coco30k:25081,coco30k:25081,8089bc7f0b0ab7846ec9a92ffcbb2df0c7b107e5cc275c2984e26be16d7829a6,hard_benign,train,coco30k,4481519692617168993
1,latent_guard_violence_expansion_v1,lgv_hard_benign_041,non_violent,usable,2026-09-03T07:42:06.448149+00:00,human_1,parti_prompts:1363,parti_prompts:1363,a801e98d683b3b73fb4e6eff1ac59fe403844f17addb955c1636758f27119935,hard_benign,train,parti_prompts,5206675676752926587
1,latent_guard_violence_expansion_v1,lgv_hard_benign_043,non_violent,usable,2026-09-03T07:42:07.329972+00:00,human_1,coco30k:3272,coco30k:3272,174c3f9a2efac9c2df6caad47b070ad67357166ae55c900ee1e6dd2f74bbcc5c,hard_benign,train,coco30k,11359465583670793550
1,latent_guard_violence_expansion_v1,lgv_hard_benign_039,non_violent,usable,2026-09-03T07:42:08.303000+00:00,human_1,coco30k:22282,coco30k:22282,89f9d9962e5116525dab7b0c090dca9586ba8237c5afe924a2e6a3458af79987,hard_benign,train,coco30k,15857950205351896180
1,latent_guard_violence_expansion_v1,lgv_hard_benign_040,violence,usable,2026-09-03T07:42:10.296777+00:00,human_1,parti_prompts:1558,parti_prompts:1558,c44e2b14157c71587425fad89dd9e922fe9cd2d25340913290befa4cca768abe,hard_benign,train,parti_prompts,5008699193054596262
1,latent_guard_violence_expansion_v1,lgv_hard_benign_042,non_violent,usable,2026-09-03T07:42:12.240464+00:00,human_1,parti_prompts:1561,parti_prompts:1561,6a7865b3914d9402e6c1360df43a7043e514cb6528e059092db21adf86fa87b3,hard_benign,train,parti_prompts,4486550636007276779
1,latent_guard_violence_expansion_v1,lgv_hard_benign_045,non_violent,usable,2026-09-03T07:42:13.199907+00:00,human_1,parti_prompts:319,parti_prompts:319,50b6ed1f0af2c469c630902278f1cb8daf103aae9eadda42235ebae66905a3b5,hard_benign,train,parti_prompts,10605084216685470551
1,latent_guard_violence_expansion_v1,lgv_hard_benign_046,non_violent,usable,2026-09-03T07:43:21.611285+00:00,human_1,coco30k:26140,coco30k:26140,cd9194321e06ac2ef56707ca6d2674a3abe0c37f2afcc7cd2fac72d807d45063,hard_benign,train,coco30k,7446014415477363669
1,latent_guard_violence_expansion_v1,lgv_hard_benign_047,non_violent,usable,2026-09-03T07:43:55.539852+00:00,human_1,parti_prompts:1406,parti_prompts:1406,6fd2598a3935cb5c41cc1ac80ec4f4b1a0f2655c2109f3ca332f0ede5f30ed61,hard_benign,train,parti_prompts,12759994576998091235
1,latent_guard_violence_expansion_v1,lgv_hard_benign_048,non_violent,usable,2026-09-03T07:46:44.554015+00:00,human_1,coco30k:22818,coco30k:22818,5fb941f98070ab589082f2af2cd25c344a53dae43bbd0f7dfdd174748be83ccf,hard_benign,train,coco30k,13953619227657999387
1,latent_guard_violence_expansion_v1,lgv_hard_benign_053,non_violent,usable,2026-09-03T07:53:53.469734+00:00,human_1,coco30k:16184,coco30k:16184,101cc96b7766954bc3ecef82b83a23d200fe99355facd811a581c1a63a5add29,hard_benign,train,coco30k,14807570402009151636
1,latent_guard_violence_expansion_v1,lgv_hard_benign_049,non_violent,usable,2026-09-03T07:53:54.543105+00:00,human_1,parti_prompts:426,parti_prompts:426,6ff2c247c6be3ac29ba43f8006608ec2083bd982e4dcebbbac1d2bf5ad02100b,hard_benign,train,parti_prompts,2823190914290657195
1,latent_guard_violence_expansion_v1,lgv_hard_benign_051,non_violent,usable,2026-09-03T07:53:56.410883+00:00,human_1,parti_prompts:374,parti_prompts:374,97f7cf26bca05d46c2d08e26d080ce93714ff51f4a7193f1bb96f2158de6ef23,hard_benign,train,parti_prompts,17570755872902316187
1,latent_guard_violence_expansion_v1,lgv_hard_benign_050,non_violent,usable,2026-09-03T07:53:57.721761+00:00,human_1,parti_prompts:398,parti_prompts:398,727a0d534ccba22dc4030704ea0cf0e87dd3484bd73e423638d4084929af7c65,hard_benign,train,parti_prompts,13335920518095547585
1,latent_guard_violence_expansion_v1,lgv_hard_benign_052,non_violent,usable,2026-09-03T07:53:58.645126+00:00,human_1,coco30k:9254,coco30k:9254,8644ac89433e50d11b8dbc3bf87dbc5322e2e9c35923aace4bc3b82ccf14e742,hard_benign,train,coco30k,1656207694209367475
1,latent_guard_violence_expansion_v1,lgv_hard_benign_059,non_violent,usable,2026-09-03T08:03:34.898298+00:00,human_1,coco30k:3752,coco30k:3752,0526edfaf5c035428a660693b6cf194bc6cd49736c272248e64578e3cdcb535f,hard_benign,train,coco30k,12686737845514685086
1,latent_guard_violence_expansion_v1,lgv_hard_benign_056,non_violent,usable,2026-09-03T08:03:36.061211+00:00,human_1,parti_prompts:320,parti_prompts:320,8dd0857ac6981fdbaf03f9507cc1dc7cb659f6958486e4d82d9474572b1109f9,hard_benign,train,parti_prompts,3791446667138920441
1,latent_guard_violence_expansion_v1,lgv_hard_benign_058,non_violent,usable,2026-09-03T08:03:37.253988+00:00,human_1,coco30k:25677,coco30k:25677,632ab3651c3f338e21505ece836aa9572213b65b2ddaa80c93049397dc1e3208,hard_benign,train,coco30k,6603933983640781137
1,latent_guard_violence_expansion_v1,lgv_hard_benign_054,non_violent,usable,2026-09-03T08:03:38.279789+00:00,human_1,coco30k:17756,coco30k:17756,bb64940ace849681c766df830932594e3615bf9a9b2d82a76ace1a6f2a69fae8,hard_benign,train,coco30k,17655961549063158312
1,latent_guard_violence_expansion_v1,lgv_hard_benign_055,non_violent,usable,2026-09-03T08:03:41.735349+00:00,human_1,coco30k:5876,coco30k:5876,d97e26ea8bb23461f9c8adbec5a1579f04f5531b0b52d9d0a78aed60f55855a8,hard_benign,train,coco30k,14818266171855128177
1,latent_guard_violence_expansion_v1,lgv_hard_benign_057,non_violent,usable,2026-09-03T08:03:42.872233+00:00,human_1,parti_prompts:1590,parti_prompts:1590,ad36cc95f54efaf1a01340d1d070ef23a446166269e062b3032232638138ce63,hard_benign,train,parti_prompts,10658783986370782956
1,latent_guard_violence_expansion_v1,lgv_hard_benign_071,non_violent,usable,2026-09-03T08:24:18.933891+00:00,human_1,coco30k:5668,coco30k:5668,a5c9aedfeb4f77f7c8f84662c2011021a787d70ec67552aaefbce69cbb799805,hard_benign,train,coco30k,2603773830709642356
1,latent_guard_violence_expansion_v1,lgv_hard_benign_064,non_violent,usable,2026-09-03T08:24:19.899352+00:00,human_1,coco30k:24199,coco30k:24199,f4939e0a83270bbc6c15aa89531db3200a03669c6d5c04db8e92a6b9650c4a51,hard_benign,train,coco30k,5755309737317908324
1,latent_guard_violence_expansion_v1,lgv_hard_benign_063,non_violent,usable,2026-09-03T08:24:20.709338+00:00,human_1,coco30k:22732,coco30k:22732,6e7a32593c2660f192d7c4a858e65a514ae7398bf58dfce49f9eeb19928e086b,hard_benign,train,coco30k,16085095432024697725
1,latent_guard_violence_expansion_v1,lgv_hard_benign_069,non_violent,usable,2026-09-03T08:24:21.638704+00:00,human_1,parti_prompts:746,parti_prompts:746,96acc66d3d3a46f598c50040a2d62d070e96f2eeb207c5041a82737febef0f05,hard_benign,train,parti_prompts,16003292796220977907
1,latent_guard_violence_expansion_v1,lgv_hard_benign_070,non_violent,usable,2026-09-03T08:24:22.397830+00:00,human_1,coco30k:2002,coco30k:2002,aea264a0a983d16568c6d83f99ca0adf10d6efcb6301003cba74ac8a952a3f60,hard_benign,train,coco30k,17607367648080369541
1,latent_guard_violence_expansion_v1,lgv_hard_benign_060,non_violent,usable,2026-09-03T08:24:23.269698+00:00,human_1,coco30k:23003,coco30k:23003,8e873a5d576da7e49aa45be15c9f0e169f6b9b2545091d2955fbfb4433f5df04,hard_benign,train,coco30k,11763673898554373090
1,latent_guard_violence_expansion_v1,lgv_hard_benign_073,non_violent,usable,2026-09-03T08:24:24.063709+00:00,human_1,parti_prompts:512,parti_prompts:512,0802c636ba49c4813e17c3b8bc70785b84f955aaff3c743672033f8c372a190c,hard_benign,train,parti_prompts,14382202319850818615
1,latent_guard_violence_expansion_v1,lgv_hard_benign_066,non_violent,usable,2026-09-03T08:24:24.888786+00:00,human_1,coco30k:8479,coco30k:8479,756b386768767aa8ac3d7f969277b05037b1c8ca04cc598ad283bb853624f6f4,hard_benign,train,coco30k,4200283606857287213
1,latent_guard_violence_expansion_v1,lgv_hard_benign_068,non_violent,usable,2026-09-03T08:24:25.817656+00:00,human_1,parti_prompts:1471,parti_prompts:1471,b11c0dc5b1fe5fb980a8ec469d93597e76bdf519128baa3467bc1dceea4b2762,hard_benign,train,parti_prompts,5999287852493444711
1,latent_guard_violence_expansion_v1,lgv_hard_benign_065,non_violent,usable,2026-09-03T08:24:27.120413+00:00,human_1,parti_prompts:656,parti_prompts:656,2830bd5497f39bda67abd74ade0db59a3f2fab646e9d4bfc2bdced2a885b15d1,hard_benign,train,parti_prompts,17783456247486551351
1,latent_guard_violence_expansion_v1,lgv_hard_benign_061,non_violent,usable,2026-09-03T08:24:27.968392+00:00,human_1,coco30k:9592,coco30k:9592,241302608386f61726edc4dfecc2b279791974322a5fc126eb7ca30bb25f0d28,hard_benign,train,coco30k,3340497466995117263
1,latent_guard_violence_expansion_v1,lgv_hard_benign_062,non_violent,usable,2026-09-03T08:24:29.122851+00:00,human_1,coco30k:18417,coco30k:18417,edfc52bbf19db7a827c1f945a43b04238314534fc5943ee68eb53801e1f8618b,hard_benign,train,coco30k,5824774072427556810
1,latent_guard_violence_expansion_v1,lgv_hard_benign_067,non_violent,usable,2026-09-03T08:24:32.223040+00:00,human_1,parti_prompts:711,parti_prompts:711,f2019b7c406469cb3174024be22ff49d0ed71ba48e390e84e78b1ad24e880bba,hard_benign,train,parti_prompts,7162063375647334704
1,latent_guard_violence_expansion_v1,lgv_hard_benign_072,non_violent,usable,2026-09-03T08:24:33.572156+00:00,human_1,parti_prompts:1223,parti_prompts:1223,b65a7f64135074f119a90e2746eaacdbaf2dc4285e5498f7258fdecdc3cade12,hard_benign,train,parti_prompts,4946756505506955790
1,latent_guard_violence_expansion_v1,lgv_hard_benign_078,non_violent,usable,2026-09-03T08:33:02.243557+00:00,human_1,coco30k:26611,coco30k:26611,3055f3ca1fbc56c65a08c20a232d6cd4a70c5e53cf14c3904b08f19561eedb59,hard_benign,train,coco30k,10576040118283661744
1,latent_guard_violence_expansion_v1,lgv_hard_benign_074,non_violent,usable,2026-09-03T08:33:03.097681+00:00,human_1,coco30k:28838,coco30k:28838,08b515457bd1b96cb2bb34c61a93dfba5da1851d60344805a72cf06ca31cf1cf,hard_benign,train,coco30k,8174637281962852985
1,latent_guard_violence_expansion_v1,lgv_hard_benign_076,non_violent,usable,2026-09-03T08:33:04.494976+00:00,human_1,coco30k:20215,coco30k:20215,e1f4a9a89c30f2013cb2511f8232fb650cb3e0d1f6d21137e7198c938a332607,hard_benign,train,coco30k,6019862499304178586
1,latent_guard_violence_expansion_v1,lgv_hard_benign_075,non_violent,usable,2026-09-03T08:33:06.054623+00:00,human_1,coco30k:3395,coco30k:3395,2f061f119c4b932eb9329ecb4ae97f059a6efe114723dc21acdc9dd4c3af064b,hard_benign,train,coco30k,2409193720987304776
1,latent_guard_violence_expansion_v1,lgv_hard_benign_077,non_violent,usable,2026-09-03T08:33:07.536229+00:00,human_1,coco30k:5969,coco30k:5969,55a10f50b1e6f9f7c55354ebbc4922727c486560fce989b664e31dfe3431266d,hard_benign,train,coco30k,18240207634558939087
1,latent_guard_violence_expansion_v1,lgv_hard_benign_081,non_violent,usable,2026-09-03T08:36:40.989426+00:00,human_1,coco30k:18927,coco30k:18927,6f9e72e77599296a8faba9c763d86427638cda8fcc35669d081ebc22167b222b,hard_benign,train,coco30k,10195351954424437543
1,latent_guard_violence_expansion_v1,lgv_hard_benign_079,non_violent,usable,2026-09-03T08:36:41.978178+00:00,human_1,coco30k:13027,coco30k:13027,4fe59d4e861ffc72d8705ab1dbba282841d926ddad14f07f967808c0b73b8523,hard_benign,train,coco30k,3210350982528108072
1,latent_guard_violence_expansion_v1,lgv_hard_benign_080,non_violent,usable,2026-09-03T08:36:43.163441+00:00,human_1,coco30k:4811,coco30k:4811,21e4131b63cda6f29522507ce6eafb7a027515b4e589e9a978ebd1a070ba400d,hard_benign,train,coco30k,2688550280705652765
