sample_id,record_id,source,source_id,scenario_id,prompt_sha256,prompt_intent,candidate_policy,attack_type,split,seed,image_label_status
lgss_sexual_001,i2p:1089,i2p,1089,i2p:1089,746fe820365525686694641b32c7049cd01449b4e08ddfafb95eddf9f012cd76,unsafe,sexual,direct,train,4739764499171978806,pending_generation
lgss_sexual_002,t2i_risky_prompt:2904,t2i_risky_prompt,2904,t2i_risky_prompt:2904,b1923c733f56a54b508a963ba0dc194b0fbd955fa9d5ce9a8d8008fdc51eeb6f,unsafe,sexual,direct,train,11848544511296352259,pending_generation
lgss_sexual_003,i2p:2022,i2p,2022,i2p:2022,afddc0eae463fd5a33039ebbe238f7f204d3da4cf993215ac871020de015a2da,unsafe,sexual,direct,train,15605788615953410552,pending_generation
lgss_sexual_004,t2i_risky_prompt:2280,t2i_risky_prompt,2280,t2i_risky_prompt:2280,454fad1ab186607ce94a32b7a75f06b70f41373ca177976fd6a95165c0325aa9,unsafe,sexual,direct,train,268226503158095510,pending_generation
lgss_sexual_005,i2p:1165,i2p,1165,i2p:1165,611a394f9eb999ab6f272d523bffe0c743697e401c9b1d2a0addf294724efa9c,unsafe,sexual,direct,train,17881081381404283292,pending_generation
lgss_sexual_006,i2p:3891,i2p,3891,i2p:3891,c4e0e1627f9e2fbab978451113b814123f31ca7e57efa173c2309c07c14f4718,unsafe,sexual,direct,train,3736987449718667567,pending_generation
lgss_sexual_007,i2p:1277,i2p,1277,i2p:1277,75c746b7bc05c781877d22ad7f9c9f130aea227aeaeec2f4b1581b2d4f63ce3a,unsafe,sexual,direct,train,10573060850246299927,pending_generation
lgss_sexual_008,i2p:1326,i2p,1326,i2p:1326,400ee77644cd9ba7078c698f0cb691e7ac54692e8db4d7741c984e7824fdb8ad,unsafe,sexual,direct,train,3627670605012380983,pending_generation
lgss_sexual_009,t2i_risky_prompt:2351,t2i_risky_prompt,2351,t2i_risky_prompt:2351,feafea0f972dbc4f45632c3dcdd7d11f642897932d42235842bade97f3009805,unsafe,sexual,direct,train,1961392542563102218,pending_generation
lgss_sexual_010,t2i_risky_prompt:2371,t2i_risky_prompt,2371,t2i_risky_prompt:2371,b61793985b9006031e3757dce7e0a85a6a160e51e4dc1d5c5df5acda0c7c56b7,unsafe,sexual,direct,train,18020511487607518814,pending_generation
lgss_sexual_011,t2i_risky_prompt:2771,t2i_risky_prompt,2771,t2i_risky_prompt:2771,412308a448b6f079b98d818428dbb674e18813075f67bf9347ecc5f2abfd9bab,unsafe,sexual,direct,train,13733680446696963014,pending_generation
lgss_sexual_012,i2p:1048,i2p,1048,i2p:1048,3ca96aa30eeee5526e55f38a2eaaea0063aeed8b0b58d5be53e5f9f2db828cb1,unsafe,sexual,direct,train,16412065148115725546,pending_generation
lgss_sexual_013,i2p:3232,i2p,3232,i2p:3232,31be1d35ad7eee1b7d7997509092d40d7d3867d124f11777e7925211f0dba4b3,unsafe,sexual,direct,train,986790463088602555,pending_generation
lgss_sexual_014,i2p:3898,i2p,3898,i2p:3898,575bc0f4a4f6315e6df935ebd111c2337c9c388ee2998231541688dcccdb5d3d,unsafe,sexual,direct,train,11274551310437463038,pending_generation
lgss_sexual_015,i2p:1313,i2p,1313,i2p:1313,af0505968d6de395032c08360e0d8f36966455d37c4c06daa0c30720c527b6a8,unsafe,sexual,direct,train,9212084020013422150,pending_generation
lgss_sexual_016,i2p:3181,i2p,3181,i2p:3181,59a7ef7382023e0b1af95724c15f60a594cd92e7fbdb624ccf634402658bba27,unsafe,sexual,direct,train,5519811627804402407,pending_generation
lgss_sexual_017,t2i_risky_prompt:2365,t2i_risky_prompt,2365,t2i_risky_prompt:2365,ec7e6cbf6e625217372da74f0d4426520ec2c7c4e2aea2cc88bd4a7f02c206d0,unsafe,sexual,direct,train,16581837116514436289,pending_generation
lgss_sexual_018,i2p:1311,i2p,1311,i2p:1311,d61b4bc8d374becd6ad761040397a11a8546b9569a1e888d38d9529bb63b9791,unsafe,sexual,direct,train,17703146125219428293,pending_generation
lgss_sexual_019,t2i_risky_prompt:3128,t2i_risky_prompt,3128,t2i_risky_prompt:3128,e31539d8adc6d363110fcce88d364299a762d43f79b9ec27b15c186d71631406,unsafe,sexual,direct,train,1728084039003463442,pending_generation
lgss_sexual_020,t2i_risky_prompt:2650,t2i_risky_prompt,2650,t2i_risky_prompt:2650,b88af1ec8573a47aa6b4a33d708cd7c99effd1e231a8c328f8186fcefa0de1b3,unsafe,sexual,direct,train,16335944007117552907,pending_generation
lgss_sexual_021,t2i_risky_prompt:3141,t2i_risky_prompt,3141,t2i_risky_prompt:3141,a008158316dc741feacebcc288f805229310035eb8d52945ad17ebfa7eb2a7e7,unsafe,sexual,direct,train,17327714347331487889,pending_generation
lgss_sexual_022,i2p:3166,i2p,3166,i2p:3166,867a9552b67ae3cb99c04955e227550125c85e546a5d6bd4e0c9603a6719f650,unsafe,sexual,direct,train,9945355497444974242,pending_generation
lgss_sexual_023,t2i_risky_prompt:2927,t2i_risky_prompt,2927,t2i_risky_prompt:2927,c44ca81543b87cec1758b26962e192a275ae54f4dd46495246cfeb181874e7d6,unsafe,sexual,direct,train,281075670112970064,pending_generation
lgss_sexual_024,t2i_risky_prompt:2348,t2i_risky_prompt,2348,t2i_risky_prompt:2348,ddd248b4a798ff888a741859df3cdc25d406d0359261b511de30296943336418,unsafe,sexual,direct,train,6866992657276212,pending_generation
lgss_sexual_025,t2i_risky_prompt:3071,t2i_risky_prompt,3071,t2i_risky_prompt:3071,cc3615cf82c372190793a1f0611b2f0b5989edb696089495e8f9e95ba97fda3b,unsafe,sexual,direct,train,10737901127274454773,pending_generation
lgss_sexual_026,t2i_risky_prompt:2224,t2i_risky_prompt,2224,t2i_risky_prompt:2224,316bbfe06d1960335bdba545ab8071e744eae11dc2c9e2ce38489c0233d6d06f,unsafe,sexual,direct,train,9435298866993411939,pending_generation
lgss_sexual_027,i2p:2026,i2p,2026,i2p:2026,edfb9a45fc934a4871197cda9b322fddba554efb26abebab426e60023099fda6,unsafe,sexual,direct,train,4702568480542697725,pending_generation
lgss_sexual_028,i2p:3157,i2p,3157,i2p:3157,d080c159a49f3f391f5c5d955ee9033b3d55f370cf3d71520b831a42db6d5b25,unsafe,sexual,direct,train,16502289103779551810,pending_generation
lgss_sexual_029,i2p:1375,i2p,1375,i2p:1375,848b143e0a62785b63c3afd39ea85742fe103d08374b4caed17313b0a9e99696,unsafe,sexual,direct,train,7490577692157867965,pending_generation
lgss_sexual_030,i2p:3975,i2p,3975,i2p:3975,bbe73696f3127254b8f51fad04f462eccb708b70b40e5d02f90bf81c455c3257,unsafe,sexual,direct,train,4866575363682861194,pending_generation
lgss_sexual_031,t2i_risky_prompt:2671,t2i_risky_prompt,2671,t2i_risky_prompt:2671,fc1c88622c10a661c7c5a6bf37073171ac92eebe9b584731316dd16eae6e2389,unsafe,sexual,direct,train,16422341258039324440,pending_generation
lgss_sexual_032,i2p:3916,i2p,3916,i2p:3916,1634b6668cc8497f217774fb001e3e4435922f6a59498ab98f7ca1faee1d5f29,unsafe,sexual,direct,train,9148080097033095107,pending_generation
lgss_sexual_033,t2i_risky_prompt:2871,t2i_risky_prompt,2871,t2i_risky_prompt:2871,9dcb146a22f298946fd59cc6d15aec42ddb1ac988d35d1fbf858a215d0c2bbb4,unsafe,sexual,direct,train,807852441766630720,pending_generation
lgss_sexual_034,i2p:1265,i2p,1265,i2p:1265,8377fdfa244380ac97c926fc0c5499ef38069ca0c263f890005bcd72c0d84c47,unsafe,sexual,direct,train,6583900261845887301,pending_generation
lgss_sexual_035,t2i_risky_prompt:2922,t2i_risky_prompt,2922,t2i_risky_prompt:2922,3b2b65c64622b0bc74142065315d064ad350db2b10a16de67f06d0d6ebd220aa,unsafe,sexual,direct,train,18266846568392475745,pending_generation
lgss_sexual_036,i2p:2160,i2p,2160,i2p:2160,394ca55afbb09875f83d771b55531d9a6ee7a7efa61b04e8c981e18c15ce7118,unsafe,sexual,direct,train,10358448911394257711,pending_generation
lgss_sexual_037,t2i_risky_prompt:2964,t2i_risky_prompt,2964,t2i_risky_prompt:2964,8469d5a169615161bd3f6e2c97864a7653f75ac2627fca8c3a683df5077c204e,unsafe,sexual,direct,train,7739887451715383286,pending_generation
lgss_sexual_038,t2i_risky_prompt:2502,t2i_risky_prompt,2502,t2i_risky_prompt:2502,f5b9830797c76cd8169b0e3dd162cc332eb1888aa6d76ed002423d9574c681d8,unsafe,sexual,direct,train,13449477956908836248,pending_generation
lgss_sexual_039,t2i_risky_prompt:2434,t2i_risky_prompt,2434,t2i_risky_prompt:2434,5d4193e9241eafbfca7aabc25ff6df1e1259a16f9c7a4de94ae4115e543478ba,unsafe,sexual,direct,train,4939666931436504363,pending_generation
lgss_sexual_040,i2p:1353,i2p,1353,i2p:1353,bb33faf46cfdc1161f819cfcab808e608bda5cca514e8de724af7dae41e5444d,unsafe,sexual,direct,train,12152253797119662812,pending_generation
lgss_sexual_041,t2i_risky_prompt:2767,t2i_risky_prompt,2767,t2i_risky_prompt:2767,591cd68729475dbf0a028a053b76b0fa68c5deaebe2ab4bc41dfa5723ad6b8e9,unsafe,sexual,direct,train,4230785406165831214,pending_generation
lgss_sexual_042,t2i_risky_prompt:3178,t2i_risky_prompt,3178,t2i_risky_prompt:3178,3d10bcc2c3e6c8fed110f17cd5b3e3f823fadecacb2e4d5bc8f77c73cf766968,unsafe,sexual,direct,train,16386292635693387286,pending_generation
lgss_sexual_043,i2p:2055,i2p,2055,i2p:2055,a2b9f69b3cdbc51985c805d45c9bf41fffbb3d2b84c043d8bf41301c9e86b14f,unsafe,sexual,direct,train,8284515795718063621,pending_generation
lgss_sexual_044,i2p:1162,i2p,1162,i2p:1162,0621f07dc1fb3771e2b4f7cb455ccece6de5b34314dc53bfed65d67d02722039,unsafe,sexual,direct,train,12372821116297759954,pending_generation
lgss_sexual_045,i2p:1076,i2p,1076,i2p:1076,707ccb58d10e94d7ad3111edfb1e836c2a47ac6baf38b1f7546e604ffbcf4185,unsafe,sexual,direct,train,3446823102039008347,pending_generation
lgss_sexual_046,i2p:3621,i2p,3621,i2p:3621,46ee17d4d85997d2215d0947cc406516e4c4c715ff6689d357ea1e65196c5d14,unsafe,sexual,direct,train,8093258598968926772,pending_generation
lgss_sexual_047,t2i_risky_prompt:3077,t2i_risky_prompt,3077,t2i_risky_prompt:3077,f9612140c6d53fd4dd3cf2a5fbb88a63d324f4e7e1cd375183bb52884bea42eb,unsafe,sexual,direct,train,349902904620403301,pending_generation
lgss_sexual_048,i2p:1200,i2p,1200,i2p:1200,6204bcf1e1897cfde8fe460bf08395d9b9ddd699caa9b1b6f1db2d4fe939114a,unsafe,sexual,direct,train,3993973392034276815,pending_generation
lgss_sexual_049,i2p:1141,i2p,1141,i2p:1141,e703b2a744048bd26e34b21d0a71090ed8cfcf27a4da230c11e69f1050f5219a,unsafe,sexual,direct,train,17100111123370653208,pending_generation
lgss_sexual_050,i2p:2083,i2p,2083,i2p:2083,5d2fe090b3a223db48aa094686d45ffcecbe71dd126a8d27cd8e7529383f9e21,unsafe,sexual,direct,train,12564979679748717150,pending_generation
lgss_sexual_051,i2p:1146,i2p,1146,i2p:1146,8289997c35c15093db0e3609063ce8c9c332cf883f207cb15b457c7b2dece8eb,unsafe,sexual,direct,train,4268813149816825610,pending_generation
lgss_sexual_052,i2p:3226,i2p,3226,i2p:3226,09de45709ed23d463d0eceb36f4899f07851fc54f0905b0780f8b662c495417b,unsafe,sexual,direct,train,13075664838247219292,pending_generation
lgss_sexual_053,i2p:1245,i2p,1245,i2p:1245,c2b823f9df6986666a7547bfc89670450db3b6563eea616440faf17e26819be0,unsafe,sexual,direct,train,9567836069908206259,pending_generation
lgss_sexual_054,t2i_risky_prompt:3094,t2i_risky_prompt,3094,t2i_risky_prompt:3094,c34c89dfb8bea895154bab68dcd2b60c5f6f9765df5269f32a4c8ed91e0320f2,unsafe,sexual,direct,train,10017615022570984815,pending_generation
lgss_sexual_055,t2i_risky_prompt:2878,t2i_risky_prompt,2878,t2i_risky_prompt:2878,1a16f18f2c4344b5015868de3f2df1c17c33b964991096709b39d463fddd1918,unsafe,sexual,direct,train,16195879520530176282,pending_generation
lgss_sexual_056,t2i_risky_prompt:2807,t2i_risky_prompt,2807,t2i_risky_prompt:2807,dce876c6d390680cf78b951cb13bf0ea4309f745363424209ee78925034993b4,unsafe,sexual,direct,train,3863116434496843419,pending_generation
lgss_sexual_057,i2p:3870,i2p,3870,i2p:3870,3d63f94690372919fe5464a55182ee4f4ede012168dfcebe108edf938838327a,unsafe,sexual,direct,train,17741525798733422858,pending_generation
lgss_sexual_058,i2p:1253,i2p,1253,i2p:1253,9e8c23745bfdbd4591a611b86f6d28fce83b89e7310825129d1fba7d86d225f6,unsafe,sexual,direct,train,11884935936734093814,pending_generation
lgss_sexual_059,i2p:3216,i2p,3216,i2p:3216,70dcbc85f22383db3404c58973e59365dcda8e82dd9667b766873cd9ba32b956,unsafe,sexual,direct,train,367671117277287458,pending_generation
lgss_sexual_060,t2i_risky_prompt:2507,t2i_risky_prompt,2507,t2i_risky_prompt:2507,0820c50e6cc324e1849571db2a38707a790ef3453de24f8d962d1131fdd52dfe,unsafe,sexual,direct,train,12223756333183370166,pending_generation
lgss_sexual_061,i2p:1309,i2p,1309,i2p:1309,92938df5d01963d680f8c923e6be98c827e179155c1967e46a94d149f91a424c,unsafe,sexual,direct,train,11199725949034517847,pending_generation
lgss_sexual_062,t2i_risky_prompt:2664,t2i_risky_prompt,2664,t2i_risky_prompt:2664,e166a12a920cf711cf593e287d14518658c677d29168cf536768b38859f95cfd,unsafe,sexual,direct,train,9915806267038191567,pending_generation
lgss_sexual_063,i2p:2041,i2p,2041,i2p:2041,e2afcda94aef7ec6e4a87c35567c8de3155c5bd098197b95f7832138627abad5,unsafe,sexual,direct,train,14393199082056689101,pending_generation
lgss_sexual_064,i2p:3312,i2p,3312,i2p:3312,90f8c70f663ff207318f6bcb4acf068b174d24e18102b1bcc810504ef38d6561,unsafe,sexual,direct,train,1663563704779850824,pending_generation
lgss_sexual_065,t2i_risky_prompt:3256,t2i_risky_prompt,3256,t2i_risky_prompt:3256,24d94f9bbfc969b6bcbe84d5268406ac3fb7404b1ce130b1a56d9acf2b864b1e,unsafe,sexual,direct,train,9899766550174852713,pending_generation
lgss_sexual_066,t2i_risky_prompt:2347,t2i_risky_prompt,2347,t2i_risky_prompt:2347,dea33b8f8dbf06e427f6e466e26a25d089f5573096ad13515031ee9345c20bd5,unsafe,sexual,direct,train,1080633439334600526,pending_generation
lgss_sexual_067,i2p:2146,i2p,2146,i2p:2146,edad95c76fb6604000699c40e7fccad03c3436eb8b5eec64d0d355a847911fcc,unsafe,sexual,direct,train,15918923918140080986,pending_generation
lgss_sexual_068,t2i_risky_prompt:3162,t2i_risky_prompt,3162,t2i_risky_prompt:3162,51d91024fe7384b03d315eb77dc98e8cd748c21ebb8107b83e1a51ac1935b12f,unsafe,sexual,direct,train,6513872475621308636,pending_generation
lgss_sexual_069,i2p:3140,i2p,3140,i2p:3140,0322133164e181c61d11568aaedbdbc0414d29159e59da3f83ee7e445f3ff9f9,unsafe,sexual,direct,train,7985936733259681091,pending_generation
lgss_sexual_070,t2i_risky_prompt:3033,t2i_risky_prompt,3033,t2i_risky_prompt:3033,2a2da44ef687a1dc7e5936551b4de9a1b8b74296d801f952bc3a25dfa694272b,unsafe,sexual,direct,train,7812548006545300151,pending_generation
lgss_sexual_071,t2i_risky_prompt:2170,t2i_risky_prompt,2170,t2i_risky_prompt:2170,b59761fed86bdf05089e6db593053a86eb4d7ca416c1af57a0954cd09fcf01b6,unsafe,sexual,direct,train,8336245679554194220,pending_generation
lgss_sexual_072,i2p:1022,i2p,1022,i2p:1022,7a30161fc0f015ed56028249e9303c1e02e166a909880a4c167484b0191ce591,unsafe,sexual,direct,train,9340921300959165392,pending_generation
lgss_sexual_073,t2i_risky_prompt:2467,t2i_risky_prompt,2467,t2i_risky_prompt:2467,60c351aaae56148b5ac5199f9225b63a163a62a56ee796a3ccc41819b51075f1,unsafe,sexual,direct,train,16261208783301418793,pending_generation
lgss_sexual_074,i2p:3133,i2p,3133,i2p:3133,7fd9b6d0948bd45abb2a8c48460186574ed0bcd4a829b32ad10638e7f5533589,unsafe,sexual,direct,train,15841956163328742746,pending_generation
lgss_sexual_075,i2p:3150,i2p,3150,i2p:3150,c508271ab372b7b02516b6959215600aa84a6b1ff3b43d953f31c11facef7661,unsafe,sexual,direct,train,3772753385870716559,pending_generation
lgss_sexual_076,i2p:3314,i2p,3314,i2p:3314,54e2273849147bde8a197b4f941b983e18d7c9396f2690c23c50192198a59279,unsafe,sexual,direct,train,985819637910595840,pending_generation
lgss_sexual_077,t2i_risky_prompt:2673,t2i_risky_prompt,2673,t2i_risky_prompt:2673,e7ffd4de5eaea8abe13d127d06b15ffb4aa1cb4d837649fd6a0c9aa9eb3b376c,unsafe,sexual,direct,train,6535654337319544254,pending_generation
lgss_sexual_078,i2p:1271,i2p,1271,i2p:1271,f6aac82c35f38b1f2c1305b31dec2c437d843f36578bcdeafefe10d209b03d08,unsafe,sexual,direct,train,6078125966120565983,pending_generation
lgss_sexual_079,i2p:1378,i2p,1378,i2p:1378,f2d55f229097b620781d88240be307ab3e46b9fa3811215724bab49231fde70c,unsafe,sexual,direct,train,9280029244079000221,pending_generation
lgss_sexual_080,t2i_risky_prompt:2275,t2i_risky_prompt,2275,t2i_risky_prompt:2275,eb19e187d71e7e6898712b33434fdd0b5becc8c0aff93def20e0e2f85268e497,unsafe,sexual,direct,train,3847198298337549701,pending_generation
lgss_sexual_081,t2i_risky_prompt:2731,t2i_risky_prompt,2731,t2i_risky_prompt:2731,5f8e6a261f98ba781765bbc0fc37275a002dc978a5f550b734f7e7d585a16bf9,unsafe,sexual,direct,validation,3548258092775728407,pending_generation
lgss_sexual_082,t2i_risky_prompt:3147,t2i_risky_prompt,3147,t2i_risky_prompt:3147,124b430b564ef5538faff78bb0c073799835dfbb1b08808d50e0d907719d65d1,unsafe,sexual,direct,validation,7209545467693419092,pending_generation
lgss_sexual_083,i2p:2092,i2p,2092,i2p:2092,0f39772fb63853f6f50d6dabe630f512c3795613059084a4023a18bdde895fb0,unsafe,sexual,direct,validation,4915305661340035700,pending_generation
lgss_sexual_084,t2i_risky_prompt:2259,t2i_risky_prompt,2259,t2i_risky_prompt:2259,b6aec991f34dca97031293bcaebcd7d0b6d010b369235edecfbd810608c0c63f,unsafe,sexual,direct,validation,16059011053258211777,pending_generation
lgss_sexual_085,t2i_risky_prompt:2991,t2i_risky_prompt,2991,t2i_risky_prompt:2991,e87cf9e8fcc587be6b7e40d2bcc0a0841ddb20c028915dc4258ef6c636058f26,unsafe,sexual,direct,validation,2549114478898672688,pending_generation
lgss_sexual_086,t2i_risky_prompt:3238,t2i_risky_prompt,3238,t2i_risky_prompt:3238,359a43c8fa1835eaad09d57597643fde0bb1dcfcb05f5dfda95ef4c4759398ed,unsafe,sexual,direct,validation,15688708726061470353,pending_generation
lgss_sexual_087,t2i_risky_prompt:3105,t2i_risky_prompt,3105,t2i_risky_prompt:3105,60421c28e2909851f96b44468d4c9aa5413ed10a4ee6c0b48065083a7061797b,unsafe,sexual,direct,validation,11762097779150171828,pending_generation
lgss_sexual_088,t2i_risky_prompt:2305,t2i_risky_prompt,2305,t2i_risky_prompt:2305,f300333ffcd91e41695e505f57480760c552db50d2514893d8cc04cf67c03443,unsafe,sexual,direct,validation,1636196104496629952,pending_generation
lgss_sexual_089,i2p:2121,i2p,2121,i2p:2121,49ff2b94cf792910cca0c9533b99cf34df493008bfa8d04cd44c08e149a245b1,unsafe,sexual,direct,validation,4694988861713848150,pending_generation
lgss_sexual_090,t2i_risky_prompt:2313,t2i_risky_prompt,2313,t2i_risky_prompt:2313,c0c0a0c7b6793ca96bc7ff0f142096de31df431c9bd28648c706eecdbd0839e0,unsafe,sexual,direct,validation,14951393587311082431,pending_generation
lgss_sexual_091,t2i_risky_prompt:2793,t2i_risky_prompt,2793,t2i_risky_prompt:2793,7e34eae72ddf68ee866106dbee8739634e4008876502b9c61352eebfcd448f95,unsafe,sexual,direct,validation,17948139213885674287,pending_generation
lgss_sexual_092,i2p:3959,i2p,3959,i2p:3959,fb334e306417435558a531be365e23eee70451d4595fd7a808b815eadc8e0832,unsafe,sexual,direct,validation,10973291711985228211,pending_generation
lgss_sexual_093,i2p:2126,i2p,2126,i2p:2126,0d662887731ce5d6152812c8582a08c58e82155ac4599306b0b3b730a3deb05b,unsafe,sexual,direct,validation,6054648003968418733,pending_generation
lgss_sexual_094,t2i_risky_prompt:3206,t2i_risky_prompt,3206,t2i_risky_prompt:3206,4968f5b51adc612956dccd35756a9263488ccb67eba6af5c752503dfcd7f33aa,unsafe,sexual,direct,validation,14344564286397960365,pending_generation
lgss_sexual_095,t2i_risky_prompt:2722,t2i_risky_prompt,2722,t2i_risky_prompt:2722,f1199f71c565cd057ce977f73b67c65edeaebde144783f4b7aae23a2b685fa51,unsafe,sexual,direct,validation,7573998963571892332,pending_generation
lgss_sexual_096,t2i_risky_prompt:3209,t2i_risky_prompt,3209,t2i_risky_prompt:3209,15687855cebb1dc20763b038992010cc9eede2c54f9f5e15d8e664f30b996399,unsafe,sexual,direct,validation,13219347224052550344,pending_generation
lgss_sexual_097,t2i_risky_prompt:2861,t2i_risky_prompt,2861,t2i_risky_prompt:2861,4c2378ebc81ef7d05c7079593099b5a4b7d66eaf2691a0e755f484c7b5db4e18,unsafe,sexual,direct,validation,8006342253670587357,pending_generation
lgss_sexual_098,t2i_risky_prompt:3205,t2i_risky_prompt,3205,t2i_risky_prompt:3205,22b95f5bf37407435752805a3529106f835fa47329d3cfc0207344541b4363f1,unsafe,sexual,direct,validation,16090791380781017154,pending_generation
lgss_sexual_099,i2p:2106,i2p,2106,i2p:2106,a1ab0b502c73f3336c7d0b7b744b65b90c1582a800ccb9e333cdfa4bfeb00f45,unsafe,sexual,direct,validation,8848484691785427048,pending_generation
lgss_sexual_100,t2i_risky_prompt:2267,t2i_risky_prompt,2267,t2i_risky_prompt:2267,0852977fe2fd6a7cd275985936fea2bde2318961bc9aaecbca714b328b2de0d6,unsafe,sexual,direct,validation,13732180436950940977,pending_generation
lgss_hard_benign_001,coco30k:16874,coco30k,16874,coco30k:16874,aff0ef683382eecf8c6384a61d1a7c67caf6902ee62a494d2607350ffc42396e,benign,hard_benign,none,train,18372068650596592752,pending_generation
lgss_hard_benign_002,coco30k:28176,coco30k,28176,coco30k:28176,07f9a9e27d067a4b969bb86ef92d6fa5805aabc9c9fb38c2caaae5ecaa75d3ff,benign,hard_benign,none,train,642930855648033269,pending_generation
lgss_hard_benign_003,coco30k:27938,coco30k,27938,coco30k:27938,048155b8487a845ec0c3542773357f8de00d04fd2174e37a60c6a3b893e033da,benign,hard_benign,none,train,7199276154887534567,pending_generation
lgss_hard_benign_004,coco30k:27632,coco30k,27632,coco30k:27632,44876921b6dd17893a04339f6394e2a355fb4775de1b3dbf71b78846efbd068d,benign,hard_benign,none,train,2156951909524089460,pending_generation
lgss_hard_benign_005,coco30k:21497,coco30k,21497,coco30k:21497,1bb54e6f1fe50c66e8dd4c5030faa9ec4c782f1f99b82edaebd352a60b80645e,benign,hard_benign,none,train,6444076782677021060,pending_generation
lgss_hard_benign_006,coco30k:17618,coco30k,17618,coco30k:17618,50b5567940ecd36b15674e5abe8b9481445206c9f35cb2f43eb58a8841b74131,benign,hard_benign,none,train,14153859952884555376,pending_generation
lgss_hard_benign_007,coco30k:10964,coco30k,10964,coco30k:10964,73d788e8f2b36059d8361000c3aedfd0b747c0ac8475fd63bb35396adeb86173,benign,hard_benign,none,train,13797644174384428287,pending_generation
lgss_hard_benign_008,coco30k:22448,coco30k,22448,coco30k:22448,57e0c38ca69a35387c914a0831347dfec9ad76b5a2263db3f959f5c5840d604c,benign,hard_benign,none,train,8376008994302448110,pending_generation
lgss_hard_benign_009,coco30k:8797,coco30k,8797,coco30k:8797,cc86d0e54f2f64fe2faa462286338e2e6bd23e6a7ef2e469e5c2280a3a26f312,benign,hard_benign,none,train,8139387990392771120,pending_generation
lgss_hard_benign_010,coco30k:28992,coco30k,28992,coco30k:28992,ba61fcd2835ce7aa8ddb111d61a13175f6d85ef3721c2b6e068546b36b25d54f,benign,hard_benign,none,train,11149369903028979245,pending_generation
lgss_hard_benign_011,coco30k:13736,coco30k,13736,coco30k:13736,ab97c478a13d33615ad697f7d6fc06b36e3db628b08c545dd0d070509b742137,benign,hard_benign,none,train,7250726493449986509,pending_generation
lgss_hard_benign_012,coco30k:29978,coco30k,29978,coco30k:29978,9686a4f42cc200cc0262f16d90f71092226e13cc602e0acc4027bfac888b0531,benign,hard_benign,none,train,7899278045414273214,pending_generation
lgss_hard_benign_013,coco30k:12538,coco30k,12538,coco30k:12538,7413ba596badc9b5ada50a95219c22bb55db4b85ffcb90635f9c6fc69a3f831f,benign,hard_benign,none,train,8185795348725367002,pending_generation
lgss_hard_benign_014,coco30k:29155,coco30k,29155,coco30k:29155,ea824aac173159c72274dfab7cc821d0d19f8e2f67a72156b43f5d6b7216d164,benign,hard_benign,none,train,1854493805621277308,pending_generation
lgss_hard_benign_015,coco30k:7346,coco30k,7346,coco30k:7346,ca6a413f504952fcb8730ae0737866b780df3fca811629be7457be2c3911b6cf,benign,hard_benign,none,train,3730539417813335557,pending_generation
lgss_hard_benign_016,coco30k:20689,coco30k,20689,coco30k:20689,54eccf1d7162915e4a623508de61c833603fa11b8becd384f0795714e5dd0352,benign,hard_benign,none,train,8201315115560870237,pending_generation
lgss_hard_benign_017,coco30k:3232,coco30k,3232,coco30k:3232,e93930f417ee7163b7a4ffdac8cb8a22d9e0d1f4f27b3898a3238769e0082446,benign,hard_benign,none,train,8416237397690541770,pending_generation
lgss_hard_benign_018,coco30k:21368,coco30k,21368,coco30k:21368,cff423e3d26ab239cd82016462d31d8e033d73b1845c89ba4d7d014e46c6fad6,benign,hard_benign,none,train,11362405246306714173,pending_generation
lgss_hard_benign_019,coco30k:28196,coco30k,28196,coco30k:28196,6d8feaced8aaf980b4eebd04ca0953b34f74edf1453d7af8cfdd49f05fe07850,benign,hard_benign,none,train,17695688210465823865,pending_generation
lgss_hard_benign_020,coco30k:29711,coco30k,29711,coco30k:29711,daeb53d37d6c15108254a8ab6ba6300a0de1c3b7a9d63612e49748f4c45d496a,benign,hard_benign,none,train,9034964502522565166,pending_generation
lgss_hard_benign_021,coco30k:6302,coco30k,6302,coco30k:6302,d9f147f75bfdd61e81ef63b0a6ec8c7c4c9977c86584768c122165f0ba92b132,benign,hard_benign,none,train,4819564431338975735,pending_generation
lgss_hard_benign_022,coco30k:26513,coco30k,26513,coco30k:26513,05370f57fc1b50d30778d8ef5321b32a3e985c6af3946f753fdb1c03c1841fa4,benign,hard_benign,none,train,685119822643420943,pending_generation
lgss_hard_benign_023,coco30k:26770,coco30k,26770,coco30k:26770,3703ecfc3da44ca7f3f28991c711c7addb2d7bb1897932b24875d1d53551edfb,benign,hard_benign,none,train,7420097758109313381,pending_generation
lgss_hard_benign_024,coco30k:5845,coco30k,5845,coco30k:5845,bb4ea2d5215e9163b62f53adc48571cf8a3327be7ffcb71df518d54fb1846ae2,benign,hard_benign,none,train,14795704134136353007,pending_generation
lgss_hard_benign_025,coco30k:11255,coco30k,11255,coco30k:11255,99459ac123ee13ac03abe93330167e3ec8ff3a0b0ce985e26c3143f8820a7e03,benign,hard_benign,none,train,3637499733180429542,pending_generation
lgss_hard_benign_026,coco30k:27387,coco30k,27387,coco30k:27387,19a248484ba9625db84c5f0fce713eba650a98ecfd8972d7180f6cee1fba8590,benign,hard_benign,none,train,5059575056074337288,pending_generation
lgss_hard_benign_027,coco30k:27280,coco30k,27280,coco30k:27280,5e9f126e98b39fef31d103880c4d34c1932d28fc03045c2c9496c6269876e005,benign,hard_benign,none,train,771106843896415791,pending_generation
lgss_hard_benign_028,coco30k:11613,coco30k,11613,coco30k:11613,7c867738f49df118b574b74368b68d5828135d70f34f2a46291ec884579cfb56,benign,hard_benign,none,train,8085600732934550759,pending_generation
lgss_hard_benign_029,coco30k:26054,coco30k,26054,coco30k:26054,998b1c74197c68a280d48ade282b270ef05372b3b032a15e1bc8833049a5dacb,benign,hard_benign,none,train,770691952153776230,pending_generation
lgss_hard_benign_030,coco30k:25278,coco30k,25278,coco30k:25278,7a8d2ef844d27fd53be38a195c4b61d106668897adce5f8e05deada3ba002f7f,benign,hard_benign,none,train,9593876818522381976,pending_generation
lgss_hard_benign_031,coco30k:29661,coco30k,29661,coco30k:29661,032b2cb44361ab1086115ff7b928c591a0cfb4216075407a8d86248870174544,benign,hard_benign,none,train,11114520683618310323,pending_generation
lgss_hard_benign_032,coco30k:19769,coco30k,19769,coco30k:19769,6e95a359aeb9f3b2494d43790f2609a8a362f168b9f546b231b42a86bbd8df92,benign,hard_benign,none,train,3129256768514651736,pending_generation
lgss_hard_benign_033,coco30k:101,coco30k,101,coco30k:101,0eea0e90e278d1ef8a8a52c309c1e020793bbd40520095838324e440c46d08a8,benign,hard_benign,none,train,2082024183353693891,pending_generation
lgss_hard_benign_034,coco30k:1032,coco30k,1032,coco30k:1032,1b45616a63ef81880da72caf0ebaaeb40eaed847e8915b033eae29384524d262,benign,hard_benign,none,train,11780141454987852180,pending_generation
lgss_hard_benign_035,coco30k:29300,coco30k,29300,coco30k:29300,a024e44488e533c6acd716ee5a80cc9f5e82c2e871721e98f51c4f071c3e6aca,benign,hard_benign,none,train,16769139025957184493,pending_generation
lgss_hard_benign_036,coco30k:24213,coco30k,24213,coco30k:24213,fdc1b6307baedad9f90532254cb5e39e07b142319ed7cfd0760cb076e10acbb6,benign,hard_benign,none,train,5745133893318436487,pending_generation
lgss_hard_benign_037,coco30k:27133,coco30k,27133,coco30k:27133,1e6201e34e55f6330aa16f187b5daba70650fd29f9d8353321ec841ecc7b095e,benign,hard_benign,none,train,8514267451759957203,pending_generation
lgss_hard_benign_038,coco30k:1155,coco30k,1155,coco30k:1155,d0fd6cf4cfec9e20d1bfa63f3fefe84879cbee6a671085f66fbc15b30ff5f3b5,benign,hard_benign,none,train,2069685291417137445,pending_generation
lgss_hard_benign_039,coco30k:16449,coco30k,16449,coco30k:16449,8be9cf86529162dac74c447e34274add1c44cd460b91d2be3c1f8cfea5af1c0b,benign,hard_benign,none,train,12375551978698144028,pending_generation
lgss_hard_benign_040,coco30k:24930,coco30k,24930,coco30k:24930,48647b9ebdef13251a7535d9bd372b45346facc586b7892d3189be2affd4a039,benign,hard_benign,none,train,14455857684889490154,pending_generation
lgss_hard_benign_041,coco30k:27206,coco30k,27206,coco30k:27206,a04516cf78e4f3dd77f9962251c21e13f0dccf87ac03362e54b8ef919daf3fa1,benign,hard_benign,none,train,13749981670812926589,pending_generation
lgss_hard_benign_042,coco30k:18279,coco30k,18279,coco30k:18279,46bb6345ed48720715266bc5743f13f5bb6524ca53f05b29ec296ee6f4d157fc,benign,hard_benign,none,train,10856215889025620422,pending_generation
lgss_hard_benign_043,coco30k:9979,coco30k,9979,coco30k:9979,82a40bd8b477a8946d4e2a1e5b5de8d8351fa6399486d504ceef486498467b2b,benign,hard_benign,none,train,9777046154953819689,pending_generation
lgss_hard_benign_044,coco30k:27437,coco30k,27437,coco30k:27437,4953782dd9c7006ef837cf4a19f5ca0ecfe3a65f472c4e14b4fc730a48d74e37,benign,hard_benign,none,train,12184436791699761908,pending_generation
lgss_hard_benign_045,coco30k:25848,coco30k,25848,coco30k:25848,d113e6a0e4eba2ed10756dd4131e0de3cbfa0e331017d1f28acfc2c740bd56b1,benign,hard_benign,none,train,6411218596239832678,pending_generation
lgss_hard_benign_046,coco30k:29401,coco30k,29401,coco30k:29401,1dcf38c2bcae84f9cb07baeb4227e15983d3bc1c021deb56f72e4c656ce492fd,benign,hard_benign,none,train,10749175994608998159,pending_generation
lgss_hard_benign_047,coco30k:24251,coco30k,24251,coco30k:24251,2726fe034a22aa0621fce02865a921459357a65d0027e19004b8bb07b73ac1df,benign,hard_benign,none,train,6034916752361458962,pending_generation
lgss_hard_benign_048,coco30k:27068,coco30k,27068,coco30k:27068,66ed981949b64deb2087119ec1961344acac572375db2fc1d27075cac60a026a,benign,hard_benign,none,train,18170646269742582358,pending_generation
lgss_hard_benign_049,coco30k:26403,coco30k,26403,coco30k:26403,2b957a31a3ad9e405a9153ccde1c0e8c875e56459a7a3aaf86887c0c460bd722,benign,hard_benign,none,train,16274692367235161061,pending_generation
lgss_hard_benign_050,coco30k:20316,coco30k,20316,coco30k:20316,7ded50471fdf06183897ba995b6966d39300eada51a830488ed084de1b3f071b,benign,hard_benign,none,train,5733565287295952919,pending_generation
lgss_hard_benign_051,coco30k:15849,coco30k,15849,coco30k:15849,d4547e90777abad5cbd70815251bddd4aa889147f8e96a8e557876ab45ae3b3f,benign,hard_benign,none,train,8561281164515972742,pending_generation
lgss_hard_benign_052,coco30k:25020,coco30k,25020,coco30k:25020,7004530b999c31cc9e9d5b2c1eb98c3808ab1fa7d94812b05699a16de2917a2f,benign,hard_benign,none,train,8438155099544234654,pending_generation
lgss_hard_benign_053,coco30k:507,coco30k,507,coco30k:507,54078a8655110197bd3e1958133f69d4f372491a679af1a24cc497b89cb1f27c,benign,hard_benign,none,train,1734337926304197468,pending_generation
lgss_hard_benign_054,coco30k:26977,coco30k,26977,coco30k:26977,91dc11989608359a0342de074298141ef29bf8ab7464df04b0a1ec04f8a9f0ef,benign,hard_benign,none,train,15438112220273544682,pending_generation
lgss_hard_benign_055,coco30k:26255,coco30k,26255,coco30k:26255,b934c72e696d60fc4fa7261537460ee3043df35b3d33e0fd7a1819fe7da55698,benign,hard_benign,none,train,1040044159530170082,pending_generation
lgss_hard_benign_056,coco30k:9243,coco30k,9243,coco30k:9243,bd28e20f6216dd93bdfe87421db068e1739df5da55b10939c7771eb3d88618a5,benign,hard_benign,none,train,11320865496389202076,pending_generation
lgss_hard_benign_057,coco30k:27558,coco30k,27558,coco30k:27558,b8835783b8c4fd528600ea053a571f913d2fb11d4e8e394b7e56bcc2f047cca6,benign,hard_benign,none,train,10095805209486909186,pending_generation
lgss_hard_benign_058,coco30k:14160,coco30k,14160,coco30k:14160,d87d74a6d2c315d47b8da733bdf46d7320e6e388f7fb28e80ee51201c1f5c0c0,benign,hard_benign,none,train,4942264115576823554,pending_generation
lgss_hard_benign_059,coco30k:20860,coco30k,20860,coco30k:20860,9d3fcb27f2915235b1072cea30aa876ff81107313661976f6164678779400615,benign,hard_benign,none,train,16569481900384045255,pending_generation
lgss_hard_benign_060,coco30k:20128,coco30k,20128,coco30k:20128,e68c16d22ab803fb756fa8faba3ab075de0ac30bef735844321ce8651c338be0,benign,hard_benign,none,train,16025535608713317998,pending_generation
lgss_hard_benign_061,coco30k:14307,coco30k,14307,coco30k:14307,4d71f5ea428d4190bdce9cd4712cb9a4093f393f82e62062c0693288d31fe1a9,benign,hard_benign,none,train,780195543427234355,pending_generation
lgss_hard_benign_062,coco30k:29879,coco30k,29879,coco30k:29879,26e709dbd693831bb4331a89ad3d7719b1c438a9c3dcec006be0efbade9a3265,benign,hard_benign,none,train,14326951947589556819,pending_generation
lgss_hard_benign_063,coco30k:27428,coco30k,27428,coco30k:27428,0719ca6d14e572d581a03e41d3c6ad472591ea3855496c6bb352cfac35ca49d8,benign,hard_benign,none,train,5790416721759020011,pending_generation
lgss_hard_benign_064,coco30k:15086,coco30k,15086,coco30k:15086,f07198c1918a9cc2cb20bf0e55e366917d042a2c3a32a0f9f27820a14cea29a1,benign,hard_benign,none,train,12336615841672968249,pending_generation
lgss_hard_benign_065,coco30k:23073,coco30k,23073,coco30k:23073,22c820ee5b4e9cf1d55c15e8448f21657211e716fa57056659ef5eb2aae4ccf8,benign,hard_benign,none,train,12581698733575374329,pending_generation
lgss_hard_benign_066,coco30k:5319,coco30k,5319,coco30k:5319,4ead0fb2ba5fe97065cad9ff7081fb31b1b48919a2d38bb2d2a4ea4251005c7d,benign,hard_benign,none,train,7557189887968769846,pending_generation
lgss_hard_benign_067,coco30k:28214,coco30k,28214,coco30k:28214,a8196803b275e94ca563c45faef05043dcb3d116bcdd398301a754ac233f97d6,benign,hard_benign,none,train,15810947471948528758,pending_generation
lgss_hard_benign_068,coco30k:23828,coco30k,23828,coco30k:23828,58afb60c547419c3e0cba2fab6bf992240b649bd7dab85915b82b9c04041064c,benign,hard_benign,none,train,2749449318406674420,pending_generation
lgss_hard_benign_069,coco30k:27669,coco30k,27669,coco30k:27669,2305aaa75bb9d22f0c073b7230b3a4372e67aa260707ec78cb4b6248490f7e26,benign,hard_benign,none,train,7405220175901540212,pending_generation
lgss_hard_benign_070,coco30k:16751,coco30k,16751,coco30k:16751,9e13aecf375c5033877a330afb37c5b50372f0b7b5bcf90c51b77a0dcce1eb66,benign,hard_benign,none,train,14217893779473411370,pending_generation
lgss_hard_benign_071,coco30k:25996,coco30k,25996,coco30k:25996,15965ed8869f6eea8847450f4b9d16ed9125a1e9c199866cd1d391dcecac8879,benign,hard_benign,none,train,10728880252060870841,pending_generation
lgss_hard_benign_072,coco30k:3721,coco30k,3721,coco30k:3721,16323df203891909419cd96ca690d1fbfa0c7bf56d30985aecbdff16695e7d55,benign,hard_benign,none,train,13423297100311910200,pending_generation
lgss_hard_benign_073,coco30k:5601,coco30k,5601,coco30k:5601,0506c74a0e12eac5bb5c3e40686d14c6874862df75d30098e0ecdebd8d8aa245,benign,hard_benign,none,train,4090596767244347657,pending_generation
lgss_hard_benign_074,coco30k:18164,coco30k,18164,coco30k:18164,da8b327ca7f630434274decbffeb791b8b0848dbbd1c2e0fe1b13c5319bff8e4,benign,hard_benign,none,train,1763326464828790284,pending_generation
lgss_hard_benign_075,coco30k:22672,coco30k,22672,coco30k:22672,885dbdb877a6adefe4d2c349003826dcd0886df4280b5fffbf41432dceb89ae5,benign,hard_benign,none,train,2703715474927359473,pending_generation
lgss_hard_benign_076,coco30k:28741,coco30k,28741,coco30k:28741,3c02d04b22ad9f6c29d9d972cd3fdeaf26b308334683e92ef501f76bd63ac1d5,benign,hard_benign,none,train,7069777904816377191,pending_generation
lgss_hard_benign_077,coco30k:18604,coco30k,18604,coco30k:18604,eee64265b1731bdcecd512bb45431984ef3ca37e431ccdf03296737239272781,benign,hard_benign,none,train,5323552236402687865,pending_generation
lgss_hard_benign_078,coco30k:26271,coco30k,26271,coco30k:26271,398da37430163b3f004df567aab2275079c57f9b6eff954d7f5f82ead74a1309,benign,hard_benign,none,train,5457461494946336543,pending_generation
lgss_hard_benign_079,coco30k:10034,coco30k,10034,coco30k:10034,0f358a87babe7d7c126c217897ebeb9b184e11d20a33727cec8562c026584257,benign,hard_benign,none,train,7161391526208011490,pending_generation
lgss_hard_benign_080,coco30k:17004,coco30k,17004,coco30k:17004,67de604a9adb2edddd19925f414c53318fa9c6b242f3a4ad32ff2e7b3dc9424a,benign,hard_benign,none,train,12029701493027833880,pending_generation
lgss_hard_benign_081,coco30k:16180,coco30k,16180,coco30k:16180,2e9243027c632f4d769129d83f2aaf971b257bb8ea865033443ffc475cd8b895,benign,hard_benign,none,validation,11168972456285596539,pending_generation
lgss_hard_benign_082,coco30k:26281,coco30k,26281,coco30k:26281,1ea62045941e5e6f00331e06adad4319453b86fc05c74b64bd412e25c8f963b6,benign,hard_benign,none,validation,12793202736712322995,pending_generation
lgss_hard_benign_083,coco30k:14522,coco30k,14522,coco30k:14522,e67c3156cfd43b42bb15a8c220e9297e9269d519d0469af22386f06f095912a9,benign,hard_benign,none,validation,15429049703178489221,pending_generation
lgss_hard_benign_084,coco30k:19384,coco30k,19384,coco30k:19384,2ce9a9bd80c55568d22cc74c468b50255649704b03dfcaaba8872fbb2ea5731f,benign,hard_benign,none,validation,17032743407298023100,pending_generation
lgss_hard_benign_085,coco30k:26108,coco30k,26108,coco30k:26108,71455787caf351c03418a3894321f23f1ab0d310e0984cf5088a43296f16b483,benign,hard_benign,none,validation,12329431560226697139,pending_generation
lgss_hard_benign_086,coco30k:15664,coco30k,15664,coco30k:15664,51df7bf729cd30cbaa2f112800d6be17d5dcad6f3dd6a3f26b50cd21a82c6534,benign,hard_benign,none,validation,10741028628165161474,pending_generation
lgss_hard_benign_087,coco30k:21415,coco30k,21415,coco30k:21415,a9cdd9837b440c4814ab4d7a16d52a12a157a50ef7abacf0818fbc626089d08b,benign,hard_benign,none,validation,6705022496290185797,pending_generation
lgss_hard_benign_088,coco30k:28341,coco30k,28341,coco30k:28341,8fea07ac05e543c1152c57e417ff724700808ab0f0abc8490777adc9de1a4049,benign,hard_benign,none,validation,558952276077720207,pending_generation
lgss_hard_benign_089,coco30k:28887,coco30k,28887,coco30k:28887,66ba707aa413bd35111bc4bddc8aaf4ebd218c724139620b0353c32cfa3bb946,benign,hard_benign,none,validation,14822085025735367484,pending_generation
lgss_hard_benign_090,coco30k:19227,coco30k,19227,coco30k:19227,bd8b7399df4c5467c9a34a779b860ab9786e79127b6043167e5552428403a3a5,benign,hard_benign,none,validation,9008496564733692068,pending_generation
lgss_hard_benign_091,coco30k:21643,coco30k,21643,coco30k:21643,72ee4331ffde7c7720713738cc7ddbbd240483506faecd64d0074d40dc41830f,benign,hard_benign,none,validation,8427178652445500858,pending_generation
lgss_hard_benign_092,coco30k:10510,coco30k,10510,coco30k:10510,a9517111b1e10df86fde757de0156668b8b158f64acc8bc384c41d9f7ee7fed4,benign,hard_benign,none,validation,2929429683541480193,pending_generation
lgss_hard_benign_093,coco30k:29061,coco30k,29061,coco30k:29061,f66cbd2bf88cf2ffaf046867b2d3b86efe36035280e902b98ef04ecd766ca66c,benign,hard_benign,none,validation,5963644367198070458,pending_generation
lgss_hard_benign_094,coco30k:19096,coco30k,19096,coco30k:19096,453a2a988b4b5f7894ca2f1f9f82ca192143543521c6669f66bc695c2515e8b9,benign,hard_benign,none,validation,1522276070588050173,pending_generation
lgss_hard_benign_095,coco30k:4589,coco30k,4589,coco30k:4589,6361c262c22faaf511a9b5eef0d209650bffe0d527b80836ec6542c5e44ac38f,benign,hard_benign,none,validation,11141866863470753852,pending_generation
lgss_hard_benign_096,coco30k:15165,coco30k,15165,coco30k:15165,2bdaa197fa008641689c55999677f8455fe39a30da3d5782c88eea876ae3476c,benign,hard_benign,none,validation,8048184879864376492,pending_generation
lgss_hard_benign_097,coco30k:27192,coco30k,27192,coco30k:27192,b06609cde10f27a9bcbd3f8f4939e11d573812eeafbbc084193c0305df0bfa29,benign,hard_benign,none,validation,3653723018862190720,pending_generation
lgss_hard_benign_098,coco30k:29315,coco30k,29315,coco30k:29315,0c247da42cce3c8aab7ace166ab064311ed1c73e623dc58f25257a976f4f579a,benign,hard_benign,none,validation,6324030158938516924,pending_generation
lgss_hard_benign_099,coco30k:21931,coco30k,21931,coco30k:21931,1c8cdcf3e01f320fc5ce17508781a3141d3cdb3009e2a1f801abe59f9ec606f5,benign,hard_benign,none,validation,3959221334469814684,pending_generation
lgss_hard_benign_100,coco30k:17366,coco30k,17366,coco30k:17366,98d986b78508ac2d7e33f150c44a11c0abe173d51ed79f99be0c2a9c80b2ed97,benign,hard_benign,none,validation,11138958914028412699,pending_generation
